{
  "fio version" : "fio-3.36",
  "timestamp" : 1730907324,
  "timestamp_ms" : 1730907324440,
  "time" : "Wed Nov  6 16:35:24 2024",
  "global options" : {
    "ioengine" : "libaio",
    "direct" : "1",
    "buffered" : "0",
    "time_based" : "1",
    "runtime" : "60",
    "size" : "8G",
    "group_reporting" : "1",
    "iodepth" : "4",
    "bs" : "8k",
    "rw" : "write"
  },
  "jobs" : [
    {
      "jobname" : "Test_sda",
      "groupid" : 0,
      "job_start" : 1730907264393,
      "error" : 0,
      "eta" : 0,
      "elapsed" : 61,
      "job options" : {
        "filename" : "/dev/sdc"
      },
      "read" : {
        "io_bytes" : 0,
        "io_kbytes" : 0,
        "bw_bytes" : 0,
        "bw" : 0,
        "iops" : 0.000000,
        "runtime" : 0,
        "total_ios" : 0,
        "short_ios" : 0,
        "drop_ios" : 0,
        "slat_ns" : {
          "min" : 0,
          "max" : 0,
          "mean" : 0.000000,
          "stddev" : 0.000000,
          "N" : 0
        },
        "clat_ns" : {
          "min" : 0,
          "max" : 0,
          "mean" : 0.000000,
          "stddev" : 0.000000,
          "N" : 0
        },
        "lat_ns" : {
          "min" : 0,
          "max" : 0,
          "mean" : 0.000000,
          "stddev" : 0.000000,
          "N" : 0
        },
        "bw_min" : 0,
        "bw_max" : 0,
        "bw_agg" : 0.000000,
        "bw_mean" : 0.000000,
        "bw_dev" : 0.000000,
        "bw_samples" : 0,
        "iops_min" : 0,
        "iops_max" : 0,
        "iops_mean" : 0.000000,
        "iops_stddev" : 0.000000,
        "iops_samples" : 0
      },
      "write" : {
        "io_bytes" : 48202301440,
        "io_kbytes" : 47072560,
        "bw_bytes" : 803358301,
        "bw" : 784529,
        "iops" : 98066.198897,
        "runtime" : 60001,
        "total_ios" : 5884070,
        "short_ios" : 0,
        "drop_ios" : 0,
        "slat_ns" : {
          "min" : 839,
          "max" : 154333,
          "mean" : 3771.207443,
          "stddev" : 1368.864652,
          "N" : 5884070
        },
        "clat_ns" : {
          "min" : 26798,
          "max" : 39065271,
          "mean" : 117876.116280,
          "stddev" : 159289.206522,
          "N" : 5884070,
          "percentile" : {
            "1.000000" : 77312,
            "5.000000" : 79360,
            "10.000000" : 80384,
            "20.000000" : 81408,
            "30.000000" : 83456,
            "40.000000" : 84480,
            "50.000000" : 103936,
            "60.000000" : 107008,
            "70.000000" : 108032,
            "80.000000" : 109056,
            "90.000000" : 112128,
            "95.000000" : 264192,
            "99.000000" : 610304,
            "99.500000" : 684032,
            "99.900000" : 1011712,
            "99.950000" : 1122304,
            "99.990000" : 1908736
          },
          "bins" : {
            "26752" : 3,
            "27008" : 4,
            "27264" : 10,
            "27520" : 17,
            "27776" : 24,
            "28032" : 22,
            "28288" : 20,
            "28544" : 11,
            "28800" : 12,
            "29056" : 6,
            "29312" : 4,
            "30336" : 1,
            "30848" : 1,
            "31104" : 1,
            "31616" : 1,
            "31872" : 1,
            "32128" : 2,
            "32384" : 1,
            "32640" : 3,
            "33024" : 3,
            "33536" : 1,
            "34048" : 2,
            "36096" : 1,
            "36608" : 1,
            "37632" : 1,
            "38144" : 1,
            "38656" : 2,
            "39168" : 2,
            "39680" : 2,
            "40192" : 4,
            "40704" : 1,
            "41216" : 1,
            "41728" : 2,
            "42240" : 1,
            "42752" : 9,
            "43264" : 7,
            "43776" : 10,
            "44288" : 7,
            "44800" : 4,
            "45312" : 5,
            "45824" : 5,
            "46336" : 3,
            "46848" : 6,
            "47360" : 20,
            "47872" : 14,
            "48384" : 11,
            "48896" : 10,
            "49408" : 10,
            "49920" : 8,
            "50432" : 27,
            "50944" : 107,
            "51456" : 198,
            "51968" : 163,
            "52480" : 107,
            "52992" : 70,
            "53504" : 36,
            "54016" : 27,
            "54528" : 7,
            "55040" : 9,
            "55552" : 22,
            "56064" : 22,
            "56576" : 26,
            "57088" : 20,
            "57600" : 21,
            "58112" : 16,
            "58624" : 17,
            "59136" : 16,
            "59648" : 21,
            "60160" : 23,
            "60672" : 22,
            "61184" : 17,
            "61696" : 25,
            "62208" : 19,
            "62720" : 18,
            "63232" : 30,
            "63744" : 25,
            "64256" : 28,
            "64768" : 26,
            "65280" : 37,
            "66048" : 71,
            "67072" : 69,
            "68096" : 74,
            "69120" : 87,
            "70144" : 62,
            "71168" : 71,
            "72192" : 49,
            "73216" : 41,
            "74240" : 51,
            "75264" : 60,
            "76288" : 1662,
            "77312" : 59940,
            "78336" : 164586,
            "79360" : 141353,
            "80384" : 265553,
            "81408" : 547768,
            "82432" : 460479,
            "83456" : 459423,
            "84480" : 336685,
            "85504" : 137034,
            "86528" : 59652,
            "87552" : 33818,
            "88576" : 24842,
            "89600" : 21165,
            "90624" : 16332,
            "91648" : 10940,
            "92672" : 6536,
            "93696" : 4037,
            "94720" : 2735,
            "95744" : 2350,
            "96768" : 2148,
            "97792" : 1979,
            "98816" : 1897,
            "99840" : 1992,
            "100864" : 2947,
            "101888" : 13948,
            "102912" : 56266,
            "103936" : 137782,
            "104960" : 211487,
            "105984" : 270798,
            "107008" : 413914,
            "108032" : 562696,
            "109056" : 477936,
            "110080" : 254283,
            "111104" : 113406,
            "112128" : 65214,
            "113152" : 48798,
            "114176" : 40560,
            "115200" : 29072,
            "116224" : 17712,
            "117248" : 10522,
            "118272" : 7394,
            "119296" : 5642,
            "120320" : 4609,
            "121344" : 3572,
            "122368" : 2635,
            "123392" : 2324,
            "124416" : 2213,
            "125440" : 1930,
            "126464" : 1951,
            "127488" : 2109,
            "128512" : 2004,
            "129536" : 1974,
            "130560" : 2058,
            "132096" : 3869,
            "134144" : 3269,
            "136192" : 2746,
            "138240" : 2188,
            "140288" : 1950,
            "142336" : 2262,
            "144384" : 3043,
            "146432" : 3201,
            "148480" : 2247,
            "150528" : 1000,
            "152576" : 474,
            "154624" : 285,
            "156672" : 180,
            "158720" : 125,
            "160768" : 95,
            "162816" : 71,
            "164864" : 109,
            "166912" : 85,
            "168960" : 82,
            "171008" : 74,
            "173056" : 56,
            "175104" : 51,
            "177152" : 43,
            "179200" : 34,
            "181248" : 32,
            "183296" : 25,
            "185344" : 22,
            "187392" : 32,
            "189440" : 29,
            "191488" : 41,
            "193536" : 35,
            "195584" : 39,
            "197632" : 25,
            "199680" : 53,
            "201728" : 84,
            "203776" : 135,
            "205824" : 159,
            "207872" : 214,
            "209920" : 329,
            "211968" : 415,
            "214016" : 487,
            "216064" : 493,
            "218112" : 583,
            "220160" : 530,
            "222208" : 569,