{
  "fio version" : "fio-3.36",
  "timestamp" : 1730905635,
  "timestamp_ms" : 1730905635848,
  "time" : "Wed Nov  6 16:07:15 2024",
  "global options" : {
    "ioengine" : "libaio",
    "direct" : "1",
    "buffered" : "0",
    "time_based" : "1",
    "runtime" : "60",
    "size" : "8G",
    "group_reporting" : "1",
    "iodepth" : "4",
    "bs" : "8k",
    "rw" : "write"
  },
  "jobs" : [
    {
      "jobname" : "Test_sda",
      "groupid" : 0,
      "job_start" : 1730905575820,
      "error" : 0,
      "eta" : 0,
      "elapsed" : 61,
      "job options" : {
        "filename" : "/dev/sdb"
      },
      "read" : {
        "io_bytes" : 0,
        "io_kbytes" : 0,
        "bw_bytes" : 0,
        "bw" : 0,
        "iops" : 0.000000,
        "runtime" : 0,
        "total_ios" : 0,
        "short_ios" : 0,
        "drop_ios" : 0,
        "slat_ns" : {
          "min" : 0,
          "max" : 0,
          "mean" : 0.000000,
          "stddev" : 0.000000,
          "N" : 0
        },
        "clat_ns" : {
          "min" : 0,
          "max" : 0,
          "mean" : 0.000000,
          "stddev" : 0.000000,
          "N" : 0
        },
        "lat_ns" : {
          "min" : 0,
          "max" : 0,
          "mean" : 0.000000,
          "stddev" : 0.000000,
          "N" : 0
        },
        "bw_min" : 0,
        "bw_max" : 0,
        "bw_agg" : 0.000000,
        "bw_mean" : 0.000000,
        "bw_dev" : 0.000000,
        "bw_samples" : 0,
        "iops_min" : 0,
        "iops_max" : 0,
        "iops_mean" : 0.000000,
        "iops_stddev" : 0.000000,
        "iops_samples" : 0
      },
      "write" : {
        "io_bytes" : 32166076416,
        "io_kbytes" : 31412184,
        "bw_bytes" : 536092338,
        "bw" : 523527,
        "iops" : 65440.959317,
        "runtime" : 60001,
        "total_ios" : 3926523,
        "short_ios" : 0,
        "drop_ios" : 0,
        "slat_ns" : {
          "min" : 739,
          "max" : 75376,
          "mean" : 3774.121870,
          "stddev" : 1374.289776,
          "N" : 3926523
        },
        "clat_ns" : {
          "min" : 26457,
          "max" : 56228099,
          "mean" : 117755.753798,
          "stddev" : 164597.775003,
          "N" : 3926523,
          "percentile" : {
            "1.000000" : 77312,
            "5.000000" : 79360,
            "10.000000" : 80384,
            "20.000000" : 82432,
            "30.000000" : 83456,
            "40.000000" : 85504,
            "50.000000" : 104960,
            "60.000000" : 107008,
            "70.000000" : 108032,
            "80.000000" : 109056,
            "90.000000" : 111104,
            "95.000000" : 252928,
            "99.000000" : 610304,
            "99.500000" : 675840,
            "99.900000" : 995328,
            "99.950000" : 1122304,
            "99.990000" : 1908736
          },
          "bins" : {
            "26496" : 1,
            "27008" : 1,
            "27264" : 3,
            "27520" : 8,
            "27776" : 6,
            "28032" : 5,
            "28288" : 7,
            "28544" : 6,
            "28800" : 3,
            "29056" : 4,
            "29312" : 3,
            "30592" : 1,
            "31616" : 1,
            "31872" : 1,
            "33536" : 1,
            "35584" : 1,
            "36096" : 1,
            "36608" : 2,
            "37632" : 1,
            "38656" : 1,
            "39680" : 1,
            "40704" : 3,
            "41216" : 3,
            "41728" : 3,
            "42752" : 2,
            "43264" : 2,
            "43776" : 2,
            "44288" : 2,
            "44800" : 2,
            "45312" : 6,
            "46336" : 4,
            "46848" : 5,
            "47360" : 11,
            "47872" : 12,
            "48384" : 11,
            "48896" : 4,
            "49408" : 1,
            "49920" : 8,
            "50432" : 46,
            "50944" : 95,
            "51456" : 131,
            "51968" : 100,
            "52480" : 79,
            "52992" : 42,
            "53504" : 26,
            "54016" : 16,
            "54528" : 14,
            "55040" : 52,
            "55552" : 73,
            "56064" : 165,
            "56576" : 216,
            "57088" : 198,
            "57600" : 130,
            "58112" : 101,
            "58624" : 89,
            "59136" : 86,
            "59648" : 60,
            "60160" : 58,
            "60672" : 20,
            "61184" : 22,
            "61696" : 20,
            "62208" : 18,
            "62720" : 14,
            "63232" : 15,
            "63744" : 2,
            "64256" : 10,
            "64768" : 9,
            "65280" : 11,
            "66048" : 21,
            "67072" : 31,
            "68096" : 15,
            "69120" : 13,
            "70144" : 14,
            "71168" : 20,
            "72192" : 20,
            "73216" : 16,
            "74240" : 4,
            "75264" : 47,
            "76288" : 3732,
            "77312" : 45789,
            "78336" : 93352,
            "79360" : 97960,
            "80384" : 189601,
            "81408" : 319124,
            "82432" : 299690,
            "83456" : 288148,
            "84480" : 214188,
            "85504" : 101925,
            "86528" : 44358,
            "87552" : 23787,
            "88576" : 16650,
            "89600" : 14076,
            "90624" : 10794,
            "91648" : 7103,
            "92672" : 4556,
            "93696" : 2547,
            "94720" : 1722,
            "95744" : 1370,
            "96768" : 1111,
            "97792" : 1001,
            "98816" : 996,
            "99840" : 1093,
            "100864" : 2776,
            "101888" : 13327,
            "102912" : 46908,
            "103936" : 101397,
            "104960" : 148099,
            "105984" : 203415,
            "107008" : 304020,
            "108032" : 371443,
            "109056" : 311371,
            "110080" : 176632,
            "111104" : 78806,
            "112128" : 40488,
            "113152" : 28587,
            "114176" : 23029,
            "115200" : 17994,
            "116224" : 11509,
            "117248" : 7168,
            "118272" : 4586,
            "119296" : 3544,
            "120320" : 2773,
            "121344" : 2050,
            "122368" : 1474,
            "123392" : 1206,
            "124416" : 1057,
            "125440" : 981,
            "126464" : 1075,
            "127488" : 1052,
            "128512" : 1080,
            "129536" : 1149,
            "130560" : 1063,
            "132096" : 2093,
            "134144" : 1970,
            "136192" : 1753,
            "138240" : 1563,
            "140288" : 1272,
            "142336" : 1539,
            "144384" : 2027,
            "146432" : 2263,
            "148480" : 1479,
            "150528" : 624,
            "152576" : 294,
            "154624" : 148,
            "156672" : 77,
            "158720" : 75,
            "160768" : 51,
            "162816" : 41,
            "164864" : 38,
            "166912" : 44,
            "168960" : 67,
            "171008" : 49,
            "173056" : 41,
            "175104" : 45,
            "177152" : 31,
            "179200" : 29,
            "181248" : 30,
            "183296" : 15,
            "185344" : 16,
            "187392" : 28,
            "189440" : 22,
            "191488" : 28,
            "193536" : 21,
            "195584" : 48,
            "197632" : 35,
            "199680" : 48,
            "201728" : 96,
            "203776" : 120,
            "205824" : 205,
            "207872" : 284,
            "209920" : 371,
            "211968" : 442,
            "214016" : 483,
            "216064" : 467,
            "218112" : 458,
            "220160" : 365,
            "222208" : 387,
            "224256" : 454,
            "226304" : 622,
            "228352" : 780,
            "230400" : 778,
            "232448" : 728,
            "234496" : 569,
            "236544" : 541,
            "238592" : 584,
            "240640" : 681,
            "242688" : 745,
            "244736" : 873,