{
  "fio version" : "fio-3.36",
  "timestamp" : 1730908651,
  "timestamp_ms" : 1730908651350,
  "time" : "Wed Nov  6 16:57:31 2024",
  "global options" : {
    "ioengine" : "libaio",
    "direct" : "1",
    "buffered" : "0",
    "time_based" : "1",
    "runtime" : "60",
    "size" : "8G",
    "group_reporting" : "1",
    "iodepth" : "4",
    "bs" : "8k",
    "rw" : "write"
  },
  "jobs" : [
    {
      "jobname" : "Test_sda",
      "groupid" : 0,
      "job_start" : 1730908591306,
      "error" : 0,
      "eta" : 0,
      "elapsed" : 61,
      "job options" : {
        "filename" : "/dev/sdc"
      },
      "read" : {
        "io_bytes" : 0,
        "io_kbytes" : 0,
        "bw_bytes" : 0,
        "bw" : 0,
        "iops" : 0.000000,
        "runtime" : 0,
        "total_ios" : 0,
        "short_ios" : 0,
        "drop_ios" : 0,
        "slat_ns" : {
          "min" : 0,
          "max" : 0,
          "mean" : 0.000000,
          "stddev" : 0.000000,
          "N" : 0
        },
        "clat_ns" : {
          "min" : 0,
          "max" : 0,
          "mean" : 0.000000,
          "stddev" : 0.000000,
          "N" : 0
        },
        "lat_ns" : {
          "min" : 0,
          "max" : 0,
          "mean" : 0.000000,
          "stddev" : 0.000000,
          "N" : 0
        },
        "bw_min" : 0,
        "bw_max" : 0,
        "bw_agg" : 0.000000,
        "bw_mean" : 0.000000,
        "bw_dev" : 0.000000,
        "bw_samples" : 0,
        "iops_min" : 0,
        "iops_max" : 0,
        "iops_mean" : 0.000000,
        "iops_stddev" : 0.000000,
        "iops_samples" : 0
      },
      "write" : {
        "io_bytes" : 48315645952,
        "io_kbytes" : 47183248,
        "bw_bytes" : 805247345,
        "bw" : 786374,
        "iops" : 98296.795053,
        "runtime" : 60001,
        "total_ios" : 5897906,
        "short_ios" : 0,
        "drop_ios" : 0,
        "slat_ns" : {
          "min" : 873,
          "max" : 168879,
          "mean" : 3799.913875,
          "stddev" : 1389.882699,
          "N" : 5897906
        },
        "clat_ns" : {
          "min" : 19063,
          "max" : 72895203,
          "mean" : 117555.849646,
          "stddev" : 175511.101635,
          "N" : 5897906,
          "percentile" : {
            "1.000000" : 77312,
            "5.000000" : 79360,
            "10.000000" : 80384,
            "20.000000" : 82432,
            "30.000000" : 83456,
            "40.000000" : 85504,
            "50.000000" : 103936,
            "60.000000" : 107008,
            "70.000000" : 108032,
            "80.000000" : 109056,
            "90.000000" : 112128,
            "95.000000" : 246784,
            "99.000000" : 610304,
            "99.500000" : 684032,
            "99.900000" : 1011712,
            "99.950000" : 1122304,
            "99.990000" : 1859584
          },
          "bins" : {
            "19072" : 1,
            "19328" : 1,
            "24192" : 1,
            "25472" : 1,
            "26240" : 1,
            "26752" : 3,
            "27008" : 7,
            "27264" : 9,
            "27520" : 11,
            "27776" : 17,
            "28032" : 15,
            "28288" : 15,
            "28544" : 21,
            "28800" : 11,
            "29056" : 4,
            "29312" : 5,
            "29568" : 5,
            "29824" : 1,
            "30080" : 1,
            "30336" : 4,
            "30592" : 1,
            "31360" : 1,
            "31872" : 1,
            "32128" : 1,
            "33024" : 1,
            "34048" : 1,
            "34560" : 1,
            "36096" : 1,
            "36608" : 1,
            "37120" : 1,
            "38144" : 1,
            "39168" : 2,
            "39680" : 4,
            "40192" : 3,
            "40704" : 4,
            "41216" : 3,
            "41728" : 5,
            "42240" : 3,
            "42752" : 2,
            "43264" : 3,
            "43776" : 2,
            "44288" : 6,
            "44800" : 1,
            "45312" : 4,
            "45824" : 2,
            "46336" : 3,
            "46848" : 4,
            "47360" : 7,
            "47872" : 11,
            "48384" : 11,
            "48896" : 14,
            "49408" : 6,
            "49920" : 4,
            "50432" : 14,
            "50944" : 58,
            "51456" : 113,
            "51968" : 205,
            "52480" : 127,
            "52992" : 67,
            "53504" : 51,
            "54016" : 27,
            "54528" : 21,
            "55040" : 8,
            "55552" : 8,
            "56064" : 13,
            "56576" : 1,
            "57088" : 6,
            "57600" : 11,
            "58112" : 12,
            "58624" : 17,
            "59136" : 10,
            "59648" : 7,
            "60160" : 8,
            "60672" : 13,
            "61184" : 16,
            "61696" : 8,
            "62208" : 8,
            "62720" : 15,
            "63232" : 9,
            "63744" : 20,
            "64256" : 17,
            "64768" : 18,
            "65280" : 17,
            "66048" : 40,
            "67072" : 39,
            "68096" : 34,
            "69120" : 37,
            "70144" : 43,
            "71168" : 47,
            "72192" : 25,
            "73216" : 24,
            "74240" : 33,
            "75264" : 80,
            "76288" : 3533,
            "77312" : 57596,
            "78336" : 135700,
            "79360" : 148558,
            "80384" : 257462,
            "81408" : 460589,
            "82432" : 470037,
            "83456" : 458029,
            "84480" : 365327,
            "85504" : 184828,
            "86528" : 79028,
            "87552" : 40836,
            "88576" : 28006,
            "89600" : 22732,
            "90624" : 18442,
            "91648" : 13208,
            "92672" : 8422,
            "93696" : 5059,
            "94720" : 3332,
            "95744" : 2515,
            "96768" : 2108,
            "97792" : 2005,
            "98816" : 1847,
            "99840" : 1842,
            "100864" : 3555,
            "101888" : 16529,
            "102912" : 57448,
            "103936" : 128784,
            "104960" : 197330,
            "105984" : 268102,
            "107008" : 395179,
            "108032" : 513923,
            "109056" : 468662,
            "110080" : 299779,
            "111104" : 153693,
            "112128" : 83109,
            "113152" : 55421,
            "114176" : 42777,
            "115200" : 31073,
            "116224" : 20534,
            "117248" : 13083,
            "118272" : 8668,
            "119296" : 6472,
            "120320" : 5110,
            "121344" : 3733,
            "122368" : 3108,
            "123392" : 2705,
            "124416" : 2214,
            "125440" : 2007,
            "126464" : 2093,
            "127488" : 2063,
            "128512" : 2089,
            "129536" : 2071,
            "130560" : 1918,
            "132096" : 3765,
            "134144" : 3242,
            "136192" : 2840,
            "138240" : 2287,
            "140288" : 1998,
            "142336" : 2192,
            "144384" : 2956,
            "146432" : 3130,
            "148480" : 2337,
            "150528" : 1063,
            "152576" : 562,
            "154624" : 351,
            "156672" : 155,
            "158720" : 118,
            "160768" : 82,
            "162816" : 86,
            "164864" : 65,
            "166912" : 76,
            "168960" : 87,
            "171008" : 83,
            "173056" : 63,
            "175104" : 38,
            "177152" : 43,
            "179200" : 38,
            "181248" : 27,
            "183296" : 38,
            "185344" : 11,
            "187392" : 25,
            "189440" : 36,
            "191488" : 40,
            "193536" : 51,
            "195584" : 18,
            "197632" : 16,
            "199680" : 17,
            "201728" : 27,
            "203776" : 29,
            "205824" : 42,
            "207872" : 51,
            "209920" : 68,
            "211968" : 68,
            "214016" : 108,
            "216064" : 119,