{
  "fio version" : "fio-3.36",
  "timestamp" : 1730907203,
  "timestamp_ms" : 1730907203796,
  "time" : "Wed Nov  6 16:33:23 2024",
  "global options" : {
    "ioengine" : "libaio",
    "direct" : "1",
    "buffered" : "0",
    "time_based" : "1",
    "runtime" : "60",
    "size" : "8G",
    "group_reporting" : "1",
    "iodepth" : "4",
    "bs" : "8k",
    "rw" : "write"
  },
  "jobs" : [
    {
      "jobname" : "Test_sda",
      "groupid" : 0,
      "job_start" : 1730907143761,
      "error" : 0,
      "eta" : 0,
      "elapsed" : 61,
      "job options" : {
        "filename" : "/dev/sdc"
      },
      "read" : {
        "io_bytes" : 0,
        "io_kbytes" : 0,
        "bw_bytes" : 0,
        "bw" : 0,
        "iops" : 0.000000,
        "runtime" : 0,
        "total_ios" : 0,
        "short_ios" : 0,
        "drop_ios" : 0,
        "slat_ns" : {
          "min" : 0,
          "max" : 0,
          "mean" : 0.000000,
          "stddev" : 0.000000,
          "N" : 0
        },
        "clat_ns" : {
          "min" : 0,
          "max" : 0,
          "mean" : 0.000000,
          "stddev" : 0.000000,
          "N" : 0
        },
        "lat_ns" : {
          "min" : 0,
          "max" : 0,
          "mean" : 0.000000,
          "stddev" : 0.000000,
          "N" : 0
        },
        "bw_min" : 0,
        "bw_max" : 0,
        "bw_agg" : 0.000000,
        "bw_mean" : 0.000000,
        "bw_dev" : 0.000000,
        "bw_samples" : 0,
        "iops_min" : 0,
        "iops_max" : 0,
        "iops_mean" : 0.000000,
        "iops_stddev" : 0.000000,
        "iops_samples" : 0
      },
      "write" : {
        "io_bytes" : 48135192576,
        "io_kbytes" : 47007024,
        "bw_bytes" : 802239838,
        "bw" : 783437,
        "iops" : 97929.667839,
        "runtime" : 60001,
        "total_ios" : 5875878,
        "short_ios" : 0,
        "drop_ios" : 0,
        "slat_ns" : {
          "min" : 888,
          "max" : 176897,
          "mean" : 3774.815252,
          "stddev" : 1378.693667,
          "N" : 5875878
        },
        "clat_ns" : {
          "min" : 25812,
          "max" : 45783838,
          "mean" : 118041.821684,
          "stddev" : 161268.293545,
          "N" : 5875878,
          "percentile" : {
            "1.000000" : 78336,
            "5.000000" : 79360,
            "10.000000" : 80384,
            "20.000000" : 82432,
            "30.000000" : 83456,
            "40.000000" : 84480,
            "50.000000" : 103936,
            "60.000000" : 107008,
            "70.000000" : 108032,
            "80.000000" : 109056,
            "90.000000" : 111104,
            "95.000000" : 268288,
            "99.000000" : 610304,
            "99.500000" : 684032,
            "99.900000" : 1011712,
            "99.950000" : 1122304,
            "99.990000" : 1908736
          },
          "bins" : {
            "25728" : 1,
            "26752" : 2,
            "27008" : 2,
            "27264" : 8,
            "27520" : 12,
            "27776" : 16,
            "28032" : 13,
            "28288" : 19,
            "28544" : 16,
            "28800" : 11,
            "29056" : 7,
            "29312" : 5,
            "29568" : 3,
            "29824" : 1,
            "30080" : 1,
            "30592" : 1,
            "30848" : 1,
            "31872" : 1,
            "32384" : 1,
            "33536" : 2,
            "34048" : 1,
            "35584" : 1,
            "37120" : 4,
            "38144" : 3,
            "38656" : 3,
            "41728" : 2,
            "42240" : 5,
            "42752" : 6,
            "43264" : 6,
            "43776" : 6,
            "44288" : 9,
            "44800" : 2,
            "45312" : 3,
            "45824" : 2,
            "46336" : 6,
            "46848" : 4,
            "47360" : 6,
            "47872" : 8,
            "48384" : 11,
            "48896" : 13,
            "49408" : 7,
            "49920" : 9,
            "50432" : 18,
            "50944" : 41,
            "51456" : 100,
            "51968" : 144,
            "52480" : 128,
            "52992" : 77,
            "53504" : 57,
            "54016" : 46,
            "54528" : 21,
            "55040" : 22,
            "55552" : 18,
            "56064" : 17,
            "56576" : 18,
            "57088" : 18,
            "57600" : 19,
            "58112" : 21,
            "58624" : 28,
            "59136" : 22,
            "59648" : 17,
            "60160" : 19,
            "60672" : 29,
            "61184" : 12,
            "61696" : 32,
            "62208" : 41,
            "62720" : 35,
            "63232" : 36,
            "63744" : 35,
            "64256" : 36,
            "64768" : 44,
            "65280" : 45,
            "66048" : 88,
            "67072" : 76,
            "68096" : 91,
            "69120" : 84,
            "70144" : 85,
            "71168" : 78,
            "72192" : 78,
            "73216" : 68,
            "74240" : 83,
            "75264" : 95,
            "76288" : 1352,
            "77312" : 49030,
            "78336" : 162153,
            "79360" : 145531,
            "80384" : 238249,
            "81408" : 528578,
            "82432" : 484758,
            "83456" : 449722,
            "84480" : 358601,
            "85504" : 150073,
            "86528" : 64381,
            "87552" : 36222,
            "88576" : 25728,
            "89600" : 20582,
            "90624" : 16661,
            "91648" : 11508,
            "92672" : 6418,
            "93696" : 3939,
            "94720" : 2409,
            "95744" : 1615,
            "96768" : 1469,
            "97792" : 1333,
            "98816" : 1209,
            "99840" : 1203,
            "100864" : 2157,
            "101888" : 12155,
            "102912" : 52110,
            "103936" : 133950,
            "104960" : 211809,
            "105984" : 270173,
            "107008" : 404217,
            "108032" : 564915,
            "109056" : 506660,
            "110080" : 275442,
            "111104" : 110722,
            "112128" : 53931,
            "113152" : 38849,
            "114176" : 32220,
            "115200" : 25060,
            "116224" : 16710,
            "117248" : 9869,
            "118272" : 6176,
            "119296" : 4801,
            "120320" : 3902,
            "121344" : 2552,
            "122368" : 1872,
            "123392" : 1510,
            "124416" : 1361,
            "125440" : 1257,
            "126464" : 1355,
            "127488" : 1455,
            "128512" : 1417,
            "129536" : 1483,
            "130560" : 1401,
            "132096" : 2778,
            "134144" : 2910,
            "136192" : 2485,
            "138240" : 2184,
            "140288" : 2068,
            "142336" : 2181,
            "144384" : 3008,
            "146432" : 3294,
            "148480" : 2250,
            "150528" : 950,
            "152576" : 417,
            "154624" : 220,
            "156672" : 139,
            "158720" : 106,
            "160768" : 65,
            "162816" : 68,
            "164864" : 101,
            "166912" : 61,
            "168960" : 57,
            "171008" : 64,
            "173056" : 59,
            "175104" : 45,
            "177152" : 45,
            "179200" : 43,
            "181248" : 33,
            "183296" : 36,
            "185344" : 21,
            "187392" : 28,
            "189440" : 35,
            "191488" : 53,
            "193536" : 49,
            "195584" : 41,
            "197632" : 44,
            "199680" : 89,
            "201728" : 124,
            "203776" : 221,
            "205824" : 266,
            "207872" : 401,
            "209920" : 510,
            "211968" : 684,
            "214016" : 785,
            "216064" : 755,
            "218112" : 819,
            "220160" : 738,
            "222208" : 725,
            "224256" : 841,
            "226304" : 1198,
            "228352" : 1406,
            "230400" : 1607,
            "232448" : 1449,
            "234496" : 1044,
            "236544" : 971,