{
  "fio version" : "fio-3.36",
  "timestamp" : 1730908530,
  "timestamp_ms" : 1730908530711,
  "time" : "Wed Nov  6 16:55:30 2024",
  "global options" : {
    "ioengine" : "libaio",
    "direct" : "1",
    "buffered" : "0",
    "time_based" : "1",
    "runtime" : "60",
    "size" : "8G",
    "group_reporting" : "1",
    "iodepth" : "4",
    "bs" : "8k",
    "rw" : "write"
  },
  "jobs" : [
    {
      "jobname" : "Test_sda",
      "groupid" : 0,
      "job_start" : 1730908470669,
      "error" : 0,
      "eta" : 0,
      "elapsed" : 61,
      "job options" : {
        "filename" : "/dev/sdc"
      },
      "read" : {
        "io_bytes" : 0,
        "io_kbytes" : 0,
        "bw_bytes" : 0,
        "bw" : 0,
        "iops" : 0.000000,
        "runtime" : 0,
        "total_ios" : 0,
        "short_ios" : 0,
        "drop_ios" : 0,
        "slat_ns" : {
          "min" : 0,
          "max" : 0,
          "mean" : 0.000000,
          "stddev" : 0.000000,
          "N" : 0
        },
        "clat_ns" : {
          "min" : 0,
          "max" : 0,
          "mean" : 0.000000,
          "stddev" : 0.000000,
          "N" : 0
        },
        "lat_ns" : {
          "min" : 0,
          "max" : 0,
          "mean" : 0.000000,
          "stddev" : 0.000000,
          "N" : 0
        },
        "bw_min" : 0,
        "bw_max" : 0,
        "bw_agg" : 0.000000,
        "bw_mean" : 0.000000,
        "bw_dev" : 0.000000,
        "bw_samples" : 0,
        "iops_min" : 0,
        "iops_max" : 0,
        "iops_mean" : 0.000000,
        "iops_stddev" : 0.000000,
        "iops_samples" : 0
      },
      "write" : {
        "io_bytes" : 48352985088,
        "io_kbytes" : 47219712,
        "bw_bytes" : 805869653,
        "bw" : 786982,
        "iops" : 98372.760454,
        "runtime" : 60001,
        "total_ios" : 5902464,
        "short_ios" : 0,
        "drop_ios" : 0,
        "slat_ns" : {
          "min" : 878,
          "max" : 190391,
          "mean" : 3813.285308,
          "stddev" : 1447.121038,
          "N" : 5902464
        },
        "clat_ns" : {
          "min" : 19462,
          "max" : 34331171,
          "mean" : 117453.216725,
          "stddev" : 151716.743623,
          "N" : 5902464,
          "percentile" : {
            "1.000000" : 77312,
            "5.000000" : 79360,
            "10.000000" : 81408,
            "20.000000" : 82432,
            "30.000000" : 83456,
            "40.000000" : 85504,
            "50.000000" : 103936,
            "60.000000" : 107008,
            "70.000000" : 108032,
            "80.000000" : 109056,
            "90.000000" : 112128,
            "95.000000" : 246784,
            "99.000000" : 610304,
            "99.500000" : 684032,
            "99.900000" : 1019904,
            "99.950000" : 1122304,
            "99.990000" : 1875968
          },
          "bins" : {
            "19584" : 2,
            "19840" : 1,
            "20096" : 3,
            "20352" : 1,
            "26240" : 1,
            "26752" : 1,
            "27008" : 6,
            "27264" : 10,
            "27520" : 19,
            "27776" : 19,
            "28032" : 13,
            "28288" : 15,
            "28544" : 11,
            "28800" : 16,
            "29056" : 6,
            "29312" : 5,
            "29568" : 5,
            "29824" : 2,
            "30080" : 4,
            "30336" : 2,
            "30592" : 1,
            "30848" : 3,
            "31104" : 1,
            "31616" : 1,
            "31872" : 1,
            "32384" : 4,
            "33024" : 1,
            "33536" : 2,
            "34048" : 2,
            "35584" : 1,
            "36096" : 1,
            "37120" : 2,
            "38144" : 1,
            "39168" : 2,
            "39680" : 2,
            "40192" : 2,
            "40704" : 3,
            "41216" : 4,
            "41728" : 7,
            "42240" : 4,
            "42752" : 5,
            "43264" : 8,
            "43776" : 4,
            "44288" : 2,
            "44800" : 1,
            "45312" : 3,
            "45824" : 3,
            "46336" : 7,
            "46848" : 9,
            "47360" : 9,
            "47872" : 15,
            "48384" : 6,
            "48896" : 14,
            "49408" : 7,
            "49920" : 9,
            "50432" : 19,
            "50944" : 100,
            "51456" : 157,
            "51968" : 205,
            "52480" : 171,
            "52992" : 109,
            "53504" : 45,
            "54016" : 29,
            "54528" : 22,
            "55040" : 28,
            "55552" : 21,
            "56064" : 26,
            "56576" : 25,
            "57088" : 35,
            "57600" : 25,
            "58112" : 28,
            "58624" : 33,
            "59136" : 27,
            "59648" : 22,
            "60160" : 27,
            "60672" : 20,
            "61184" : 11,
            "61696" : 28,
            "62208" : 15,
            "62720" : 14,
            "63232" : 28,
            "63744" : 38,
            "64256" : 55,
            "64768" : 49,
            "65280" : 64,
            "66048" : 209,
            "67072" : 221,
            "68096" : 106,
            "69120" : 78,
            "70144" : 50,
            "71168" : 86,
            "72192" : 72,
            "73216" : 47,
            "74240" : 37,
            "75264" : 69,
            "76288" : 3936,
            "77312" : 59341,
            "78336" : 139458,
            "79360" : 149889,
            "80384" : 234418,
            "81408" : 444734,
            "82432" : 481707,
            "83456" : 454201,
            "84480" : 377416,
            "85504" : 196219,
            "86528" : 83777,
            "87552" : 42725,
            "88576" : 28899,
            "89600" : 23249,
            "90624" : 18930,
            "91648" : 14147,
            "92672" : 8978,
            "93696" : 5429,
            "94720" : 3577,
            "95744" : 2569,
            "96768" : 2163,
            "97792" : 2070,
            "98816" : 1901,
            "99840" : 1766,
            "100864" : 3766,
            "101888" : 16521,
            "102912" : 59402,
            "103936" : 131339,
            "104960" : 195382,
            "105984" : 256261,
            "107008" : 378294,
            "108032" : 509836,
            "109056" : 484878,
            "110080" : 312477,
            "111104" : 153213,
            "112128" : 78936,
            "113152" : 52598,
            "114176" : 42417,
            "115200" : 31936,
            "116224" : 21638,
            "117248" : 13778,
            "118272" : 8810,
            "119296" : 6489,
            "120320" : 5158,
            "121344" : 3786,
            "122368" : 3016,
            "123392" : 2349,
            "124416" : 2107,
            "125440" : 1924,
            "126464" : 1968,
            "127488" : 1912,
            "128512" : 1950,
            "129536" : 2051,
            "130560" : 1951,
            "132096" : 3834,
            "134144" : 3196,
            "136192" : 2848,
            "138240" : 2307,
            "140288" : 2038,
            "142336" : 2097,
            "144384" : 2770,
            "146432" : 3085,
            "148480" : 2501,
            "150528" : 1176,
            "152576" : 560,
            "154624" : 308,
            "156672" : 170,
            "158720" : 114,
            "160768" : 97,
            "162816" : 107,
            "164864" : 84,
            "166912" : 62,
            "168960" : 74,
            "171008" : 76,
            "173056" : 64,
            "175104" : 50,
            "177152" : 43,
            "179200" : 50,
            "181248" : 68,
            "183296" : 25,
            "185344" : 37,
            "187392" : 34,
            "189440" : 62,
            "191488" : 59,
            "193536" : 61,
            "195584" : 18,
            "197632" : 16,
            "199680" : 18,
            "201728" : 18,
            "203776" : 30,
            "205824" : 24,
            "207872" : 47,
            "209920" : 52,
            "211968" : 77,