{
  "fio version" : "fio-3.36",
  "timestamp" : 1730904791,
  "timestamp_ms" : 1730904791648,
  "time" : "Wed Nov  6 15:53:11 2024",
  "global options" : {
    "ioengine" : "libaio",
    "direct" : "1",
    "buffered" : "0",
    "time_based" : "1",
    "runtime" : "60",
    "size" : "8G",
    "group_reporting" : "1",
    "iodepth" : "4",
    "bs" : "8k",
    "rw" : "write"
  },
  "jobs" : [
    {
      "jobname" : "Test_sda",
      "groupid" : 0,
      "job_start" : 1730904731613,
      "error" : 0,
      "eta" : 0,
      "elapsed" : 61,
      "job options" : {
        "filename" : "/dev/sda"
      },
      "read" : {
        "io_bytes" : 0,
        "io_kbytes" : 0,
        "bw_bytes" : 0,
        "bw" : 0,
        "iops" : 0.000000,
        "runtime" : 0,
        "total_ios" : 0,
        "short_ios" : 0,
        "drop_ios" : 0,
        "slat_ns" : {
          "min" : 0,
          "max" : 0,
          "mean" : 0.000000,
          "stddev" : 0.000000,
          "N" : 0
        },
        "clat_ns" : {
          "min" : 0,
          "max" : 0,
          "mean" : 0.000000,
          "stddev" : 0.000000,
          "N" : 0
        },
        "lat_ns" : {
          "min" : 0,
          "max" : 0,
          "mean" : 0.000000,
          "stddev" : 0.000000,
          "N" : 0
        },
        "bw_min" : 0,
        "bw_max" : 0,
        "bw_agg" : 0.000000,
        "bw_mean" : 0.000000,
        "bw_dev" : 0.000000,
        "bw_samples" : 0,
        "iops_min" : 0,
        "iops_max" : 0,
        "iops_mean" : 0.000000,
        "iops_stddev" : 0.000000,
        "iops_samples" : 0
      },
      "write" : {
        "io_bytes" : 15909707776,
        "io_kbytes" : 15536824,
        "bw_bytes" : 265157376,
        "bw" : 258942,
        "iops" : 32367.843869,
        "runtime" : 60001,
        "total_ios" : 1942103,
        "short_ios" : 0,
        "drop_ios" : 0,
        "slat_ns" : {
          "min" : 846,
          "max" : 185429,
          "mean" : 3767.804734,
          "stddev" : 1320.219049,
          "N" : 1942103
        },
        "clat_ns" : {
          "min" : 19044,
          "max" : 33957914,
          "mean" : 119091.417842,
          "stddev" : 155405.674457,
          "N" : 1942103,
          "percentile" : {
            "1.000000" : 76288,
            "5.000000" : 78336,
            "10.000000" : 79360,
            "20.000000" : 80384,
            "30.000000" : 82432,
            "40.000000" : 83456,
            "50.000000" : 103936,
            "60.000000" : 105984,
            "70.000000" : 107008,
            "80.000000" : 108032,
            "90.000000" : 111104,
            "95.000000" : 350208,
            "99.000000" : 618496,
            "99.500000" : 684032,
            "99.900000" : 954368,
            "99.950000" : 1089536,
            "99.990000" : 1892352
          },
          "bins" : {
            "19072" : 2,
            "19328" : 1,
            "23680" : 1,
            "24448" : 1,
            "24960" : 1,
            "27264" : 1,
            "27776" : 4,
            "28032" : 1,
            "28288" : 1,
            "28544" : 1,
            "28800" : 2,
            "29056" : 1,
            "30592" : 1,
            "31872" : 1,
            "32384" : 1,
            "33024" : 1,
            "35584" : 1,
            "37120" : 1,
            "37632" : 1,
            "40704" : 1,
            "44800" : 2,
            "45824" : 2,
            "46336" : 3,
            "46848" : 3,
            "47360" : 3,
            "47872" : 3,
            "48896" : 1,
            "49408" : 1,
            "49920" : 6,
            "50432" : 29,
            "50944" : 59,
            "51456" : 39,
            "51968" : 24,
            "52480" : 9,
            "52992" : 7,
            "53504" : 2,
            "54016" : 2,
            "55040" : 5,
            "55552" : 2,
            "56064" : 2,
            "56576" : 4,
            "57088" : 1,
            "57600" : 5,
            "58112" : 1,
            "58624" : 8,
            "59136" : 1,
            "59648" : 5,
            "60672" : 1,
            "61184" : 1,
            "61696" : 1,
            "62720" : 1,
            "63744" : 2,
            "65280" : 1,
            "66048" : 2,
            "68096" : 4,
            "69120" : 2,
            "70144" : 6,
            "71168" : 3,
            "72192" : 3,
            "73216" : 2,
            "74240" : 14,
            "75264" : 295,
            "76288" : 20747,
            "77312" : 61075,
            "78336" : 44761,
            "79360" : 86131,
            "80384" : 199654,
            "81408" : 149081,
            "82432" : 130979,
            "83456" : 90439,
            "84480" : 34806,
            "85504" : 17217,
            "86528" : 10095,
            "87552" : 7259,
            "88576" : 5671,
            "89600" : 3836,
            "90624" : 2148,
            "91648" : 1117,
            "92672" : 764,
            "93696" : 595,
            "94720" : 537,
            "95744" : 437,
            "96768" : 448,
            "97792" : 483,
            "98816" : 486,
            "99840" : 1214,
            "100864" : 6341,
            "101888" : 22376,
            "102912" : 54712,
            "103936" : 82009,
            "104960" : 99542,
            "105984" : 159789,
            "107008" : 208153,
            "108032" : 149303,
            "109056" : 66256,
            "110080" : 27220,
            "111104" : 17208,
            "112128" : 14639,
            "113152" : 11530,
            "114176" : 6721,
            "115200" : 3654,
            "116224" : 2144,
            "117248" : 1768,
            "118272" : 1542,
            "119296" : 1224,
            "120320" : 846,
            "121344" : 692,
            "122368" : 580,
            "123392" : 524,
            "124416" : 510,
            "125440" : 530,
            "126464" : 535,
            "127488" : 636,
            "128512" : 640,
            "129536" : 649,
            "130560" : 694,
            "132096" : 1251,
            "134144" : 1091,
            "136192" : 914,
            "138240" : 701,
            "140288" : 672,
            "142336" : 990,
            "144384" : 1109,
            "146432" : 856,
            "148480" : 424,
            "150528" : 153,
            "152576" : 98,
            "154624" : 35,
            "156672" : 38,
            "158720" : 30,
            "160768" : 28,
            "162816" : 26,
            "164864" : 30,
            "166912" : 42,
            "168960" : 44,
            "171008" : 54,
            "173056" : 27,
            "175104" : 14,
            "177152" : 9,
            "179200" : 13,
            "181248" : 23,
            "183296" : 20,
            "185344" : 12,
            "187392" : 23,
            "189440" : 19,
            "191488" : 20,
            "193536" : 17,
            "195584" : 11,
            "197632" : 17,
            "199680" : 4,
            "201728" : 7,
            "203776" : 12,
            "205824" : 7,
            "207872" : 26,
            "209920" : 23,
            "211968" : 29,
            "214016" : 37,
            "216064" : 43,
            "218112" : 47,
            "220160" : 38,
            "222208" : 90,
            "224256" : 176,
            "226304" : 345,
            "228352" : 400,
            "230400" : 398,
            "232448" : 343,
            "234496" : 238,
            "236544" : 199,
            "238592" : 181,
            "240640" : 217,
            "242688" : 219,
            "244736" : 197,
            "246784" : 277,
            "248832" : 265,
            "250880" : 327,
            "252928" : 350,
            "254976" : 395,
            "257024" : 375,
            "259072" : 284,
            "261120" : 258,
            "264192" : 290,
            "268288" : 126,
            "272384" : 72,
            "276480" : 56,
            "280576" : 193,
            "284672" : 367,
            "288768" : 389,
            "292864" : 314,
            "296960" : 192,