{
  "fio version" : "fio-3.36",
  "timestamp" : 1730906238,
  "timestamp_ms" : 1730906238880,
  "time" : "Wed Nov  6 16:17:18 2024",
  "global options" : {
    "ioengine" : "libaio",
    "direct" : "1",
    "buffered" : "0",
    "time_based" : "1",
    "runtime" : "60",
    "size" : "8G",
    "group_reporting" : "1",
    "iodepth" : "4",
    "bs" : "8k",
    "rw" : "write"
  },
  "jobs" : [
    {
      "jobname" : "Test_sda",
      "groupid" : 0,
      "job_start" : 1730906178849,
      "error" : 0,
      "eta" : 0,
      "elapsed" : 61,
      "job options" : {
        "filename" : "/dev/sdb"
      },
      "read" : {
        "io_bytes" : 0,
        "io_kbytes" : 0,
        "bw_bytes" : 0,
        "bw" : 0,
        "iops" : 0.000000,
        "runtime" : 0,
        "total_ios" : 0,
        "short_ios" : 0,
        "drop_ios" : 0,
        "slat_ns" : {
          "min" : 0,
          "max" : 0,
          "mean" : 0.000000,
          "stddev" : 0.000000,
          "N" : 0
        },
        "clat_ns" : {
          "min" : 0,
          "max" : 0,
          "mean" : 0.000000,
          "stddev" : 0.000000,
          "N" : 0
        },
        "lat_ns" : {
          "min" : 0,
          "max" : 0,
          "mean" : 0.000000,
          "stddev" : 0.000000,
          "N" : 0
        },
        "bw_min" : 0,
        "bw_max" : 0,
        "bw_agg" : 0.000000,
        "bw_mean" : 0.000000,
        "bw_dev" : 0.000000,
        "bw_samples" : 0,
        "iops_min" : 0,
        "iops_max" : 0,
        "iops_mean" : 0.000000,
        "iops_stddev" : 0.000000,
        "iops_samples" : 0
      },
      "write" : {
        "io_bytes" : 32259645440,
        "io_kbytes" : 31503560,
        "bw_bytes" : 537651796,
        "bw" : 525050,
        "iops" : 65631.322811,
        "runtime" : 60001,
        "total_ios" : 3937945,
        "short_ios" : 0,
        "drop_ios" : 0,
        "slat_ns" : {
          "min" : 879,
          "max" : 199301,
          "mean" : 3763.247884,
          "stddev" : 1393.027310,
          "N" : 3937945
        },
        "clat_ns" : {
          "min" : 19236,
          "max" : 41388026,
          "mean" : 117411.606829,
          "stddev" : 157547.932940,
          "N" : 3937945,
          "percentile" : {
            "1.000000" : 77312,
            "5.000000" : 79360,
            "10.000000" : 80384,
            "20.000000" : 82432,
            "30.000000" : 83456,
            "40.000000" : 85504,
            "50.000000" : 104960,
            "60.000000" : 107008,
            "70.000000" : 108032,
            "80.000000" : 109056,
            "90.000000" : 112128,
            "95.000000" : 220160,
            "99.000000" : 610304,
            "99.500000" : 675840,
            "99.900000" : 995328,
            "99.950000" : 1122304,
            "99.990000" : 1908736
          },
          "bins" : {
            "19328" : 1,
            "19584" : 1,
            "19840" : 1,
            "25984" : 2,
            "26496" : 1,
            "27008" : 2,
            "27264" : 1,
            "27520" : 14,
            "27776" : 8,
            "28032" : 7,
            "28288" : 10,
            "28544" : 4,
            "28800" : 2,
            "29056" : 3,
            "30080" : 2,
            "30592" : 1,
            "31104" : 1,
            "31616" : 1,
            "32128" : 2,
            "32384" : 3,
            "34048" : 2,
            "36608" : 3,
            "37120" : 3,
            "40192" : 1,
            "40704" : 4,
            "41216" : 3,
            "42240" : 1,
            "42752" : 3,
            "43264" : 2,
            "43776" : 4,
            "44288" : 3,
            "44800" : 2,
            "45312" : 3,
            "45824" : 3,
            "46336" : 1,
            "46848" : 16,
            "47360" : 17,
            "47872" : 20,
            "48384" : 7,
            "48896" : 12,
            "49408" : 5,
            "49920" : 15,
            "50432" : 83,
            "50944" : 212,
            "51456" : 251,
            "51968" : 232,
            "52480" : 125,
            "52992" : 49,
            "53504" : 32,
            "54016" : 14,
            "54528" : 15,
            "55040" : 23,
            "55552" : 44,
            "56064" : 90,
            "56576" : 149,
            "57088" : 170,
            "57600" : 107,
            "58112" : 80,
            "58624" : 39,
            "59136" : 53,
            "59648" : 23,
            "60160" : 12,
            "60672" : 13,
            "61184" : 8,
            "61696" : 8,
            "62208" : 9,
            "62720" : 3,
            "63232" : 8,
            "63744" : 9,
            "64256" : 7,
            "64768" : 8,
            "65280" : 7,
            "66048" : 4,
            "67072" : 8,
            "68096" : 11,
            "69120" : 6,
            "70144" : 3,
            "71168" : 6,
            "72192" : 5,
            "73216" : 3,
            "74240" : 1,
            "75264" : 36,
            "76288" : 3268,
            "77312" : 48075,
            "78336" : 97979,
            "79360" : 94958,
            "80384" : 194120,
            "81408" : 332785,
            "82432" : 291815,
            "83456" : 290876,
            "84480" : 215666,
            "85504" : 88628,
            "86528" : 38538,
            "87552" : 21897,
            "88576" : 16361,
            "89600" : 14811,
            "90624" : 11943,
            "91648" : 8243,
            "92672" : 5165,
            "93696" : 3228,
            "94720" : 2137,
            "95744" : 1819,
            "96768" : 1643,
            "97792" : 1742,
            "98816" : 1565,
            "99840" : 1636,
            "100864" : 3069,
            "101888" : 13545,
            "102912" : 46466,
            "103936" : 101003,
            "104960" : 145652,
            "105984" : 198161,
            "107008" : 298917,
            "108032" : 369438,
            "109056" : 305329,
            "110080" : 169119,
            "111104" : 81334,
            "112128" : 48951,
            "113152" : 37836,
            "114176" : 31140,
            "115200" : 22646,
            "116224" : 14240,
            "117248" : 8760,
            "118272" : 5861,
            "119296" : 4727,
            "120320" : 3687,
            "121344" : 2826,
            "122368" : 2295,
            "123392" : 2020,
            "124416" : 1788,
            "125440" : 1614,
            "126464" : 1605,
            "127488" : 1599,
            "128512" : 1706,
            "129536" : 1743,
            "130560" : 1729,
            "132096" : 3118,
            "134144" : 2609,
            "136192" : 2103,
            "138240" : 1703,
            "140288" : 1348,
            "142336" : 1603,
            "144384" : 2147,
            "146432" : 2130,
            "148480" : 1499,
            "150528" : 842,
            "152576" : 443,
            "154624" : 255,
            "156672" : 135,
            "158720" : 80,
            "160768" : 78,
            "162816" : 65,
            "164864" : 62,
            "166912" : 51,
            "168960" : 44,
            "171008" : 36,
            "173056" : 46,
            "175104" : 31,
            "177152" : 29,
            "179200" : 31,
            "181248" : 30,
            "183296" : 26,
            "185344" : 19,
            "187392" : 35,
            "189440" : 34,
            "191488" : 30,
            "193536" : 19,
            "195584" : 16,
            "197632" : 4,
            "199680" : 20,
            "201728" : 9,
            "203776" : 27,
            "205824" : 32,
            "207872" : 38,
            "209920" : 48,
            "211968" : 36,
            "214016" : 66,
            "216064" : 74,
            "218112" : 63,
            "220160" : 103,
            "222208" : 121,
            "224256" : 268,
            "226304" : 466,
            "228352" : 574,
            "230400" : 687,
            "232448" : 526,
            "234496" : 422,
            "236544" : 399,
            "238592" : 358,