{
  "fio version" : "fio-3.36",
  "timestamp" : 1730903585,
  "timestamp_ms" : 1730903585668,
  "time" : "Wed Nov  6 15:33:05 2024",
  "global options" : {
    "ioengine" : "libaio",
    "direct" : "1",
    "buffered" : "0",
    "time_based" : "1",
    "runtime" : "60",
    "size" : "8G",
    "group_reporting" : "1",
    "iodepth" : "4",
    "bs" : "8k",
    "rw" : "write"
  },
  "jobs" : [
    {
      "jobname" : "Test_sda",
      "groupid" : 0,
      "job_start" : 1730903525631,
      "error" : 0,
      "eta" : 0,
      "elapsed" : 61,
      "job options" : {
        "filename" : "/dev/sda"
      },
      "read" : {
        "io_bytes" : 0,
        "io_kbytes" : 0,
        "bw_bytes" : 0,
        "bw" : 0,
        "iops" : 0.000000,
        "runtime" : 0,
        "total_ios" : 0,
        "short_ios" : 0,
        "drop_ios" : 0,
        "slat_ns" : {
          "min" : 0,
          "max" : 0,
          "mean" : 0.000000,
          "stddev" : 0.000000,
          "N" : 0
        },
        "clat_ns" : {
          "min" : 0,
          "max" : 0,
          "mean" : 0.000000,
          "stddev" : 0.000000,
          "N" : 0
        },
        "lat_ns" : {
          "min" : 0,
          "max" : 0,
          "mean" : 0.000000,
          "stddev" : 0.000000,
          "N" : 0
        },
        "bw_min" : 0,
        "bw_max" : 0,
        "bw_agg" : 0.000000,
        "bw_mean" : 0.000000,
        "bw_dev" : 0.000000,
        "bw_samples" : 0,
        "iops_min" : 0,
        "iops_max" : 0,
        "iops_mean" : 0.000000,
        "iops_stddev" : 0.000000,
        "iops_samples" : 0
      },
      "write" : {
        "io_bytes" : 15941869568,
        "io_kbytes" : 15568232,
        "bw_bytes" : 265693397,
        "bw" : 259466,
        "iops" : 32433.276112,
        "runtime" : 60001,
        "total_ios" : 1946029,
        "short_ios" : 0,
        "drop_ios" : 0,
        "slat_ns" : {
          "min" : 887,
          "max" : 172351,
          "mean" : 3726.114540,
          "stddev" : 1306.865521,
          "N" : 1946029
        },
        "clat_ns" : {
          "min" : 19351,
          "max" : 33425196,
          "mean" : 118889.604511,
          "stddev" : 145041.609476,
          "N" : 1946029,
          "percentile" : {
            "1.000000" : 76288,
            "5.000000" : 78336,
            "10.000000" : 79360,
            "20.000000" : 80384,
            "30.000000" : 82432,
            "40.000000" : 83456,
            "50.000000" : 103936,
            "60.000000" : 105984,
            "70.000000" : 107008,
            "80.000000" : 108032,
            "90.000000" : 110080,
            "95.000000" : 350208,
            "99.000000" : 618496,
            "99.500000" : 684032,
            "99.900000" : 954368,
            "99.950000" : 1089536,
            "99.990000" : 1843200
          },
          "bins" : {
            "19328" : 1,
            "24704" : 1,
            "26496" : 1,
            "26752" : 1,
            "27008" : 3,
            "27264" : 1,
            "27520" : 4,
            "27776" : 3,
            "28032" : 3,
            "28288" : 2,
            "28800" : 1,
            "29312" : 1,
            "31616" : 1,
            "33024" : 1,
            "37120" : 1,
            "41216" : 1,
            "42240" : 1,
            "44288" : 1,
            "44800" : 2,
            "45824" : 3,
            "46848" : 4,
            "47360" : 1,
            "48384" : 1,
            "48896" : 1,
            "49408" : 2,
            "49920" : 5,
            "50432" : 27,
            "50944" : 52,
            "51456" : 31,
            "51968" : 21,
            "52480" : 7,
            "52992" : 9,
            "53504" : 3,
            "54016" : 3,
            "54528" : 1,
            "55552" : 2,
            "56064" : 1,
            "57088" : 2,
            "57600" : 4,
            "58112" : 4,
            "58624" : 3,
            "59136" : 2,
            "59648" : 2,
            "60160" : 3,
            "61184" : 2,
            "61696" : 1,
            "62208" : 1,
            "62720" : 1,
            "63744" : 5,
            "64256" : 1,
            "64768" : 1,
            "66048" : 4,
            "67072" : 3,
            "68096" : 5,
            "69120" : 3,
            "71168" : 2,
            "72192" : 6,
            "73216" : 9,
            "74240" : 20,
            "75264" : 540,
            "76288" : 24775,
            "77312" : 60986,
            "78336" : 43711,
            "79360" : 97014,
            "80384" : 200604,
            "81408" : 142212,
            "82432" : 128532,
            "83456" : 83772,
            "84480" : 31380,
            "85504" : 16391,
            "86528" : 10045,
            "87552" : 6812,
            "88576" : 5373,
            "89600" : 3456,
            "90624" : 1897,
            "91648" : 885,
            "92672" : 543,
            "93696" : 407,
            "94720" : 286,
            "95744" : 235,
            "96768" : 275,
            "97792" : 265,
            "98816" : 284,
            "99840" : 1129,
            "100864" : 6739,
            "101888" : 24120,
            "102912" : 57925,
            "103936" : 86094,
            "104960" : 105533,
            "105984" : 169450,
            "107008" : 215723,
            "108032" : 149129,
            "109056" : 62688,
            "110080" : 23806,
            "111104" : 13454,
            "112128" : 11690,
            "113152" : 9493,
            "114176" : 5975,
            "115200" : 3269,
            "116224" : 1894,
            "117248" : 1412,
            "118272" : 1179,
            "119296" : 944,
            "120320" : 620,
            "121344" : 531,
            "122368" : 377,
            "123392" : 336,
            "124416" : 315,
            "125440" : 330,
            "126464" : 411,
            "127488" : 420,
            "128512" : 444,
            "129536" : 376,
            "130560" : 426,
            "132096" : 890,
            "134144" : 913,
            "136192" : 781,
            "138240" : 682,
            "140288" : 654,
            "142336" : 967,
            "144384" : 1168,
            "146432" : 832,
            "148480" : 427,
            "150528" : 130,
            "152576" : 61,
            "154624" : 46,
            "156672" : 22,
            "158720" : 30,
            "160768" : 39,
            "162816" : 19,
            "164864" : 19,
            "166912" : 18,
            "168960" : 31,
            "171008" : 21,
            "173056" : 18,
            "175104" : 21,
            "177152" : 11,
            "179200" : 17,
            "181248" : 21,
            "183296" : 11,
            "185344" : 22,
            "187392" : 23,
            "189440" : 23,
            "191488" : 22,
            "193536" : 7,
            "195584" : 11,
            "197632" : 3,
            "199680" : 6,
            "201728" : 7,
            "203776" : 4,
            "205824" : 15,
            "207872" : 18,
            "209920" : 33,
            "211968" : 30,
            "214016" : 39,
            "216064" : 38,
            "218112" : 60,
            "220160" : 54,
            "222208" : 99,
            "224256" : 165,
            "226304" : 323,
            "228352" : 402,
            "230400" : 474,
            "232448" : 333,
            "234496" : 268,
            "236544" : 243,
            "238592" : 223,
            "240640" : 212,
            "242688" : 204,
            "244736" : 283,
            "246784" : 265,
            "248832" : 262,
            "250880" : 368,
            "252928" : 341,
            "254976" : 402,
            "257024" : 406,
            "259072" : 348,
            "261120" : 253,
            "264192" : 220,
            "268288" : 71,
            "272384" : 51,
            "276480" : 67,
            "280576" : 191,
            "284672" : 342,
            "288768" : 412,
            "292864" : 326,
            "296960" : 234,
            "301056" : 125,
            "305152" : 97,
            "309248" : 83,