{
  "fio version" : "fio-3.36",
  "timestamp" : 1730906359,
  "timestamp_ms" : 1730906359505,
  "time" : "Wed Nov  6 16:19:19 2024",
  "global options" : {
    "ioengine" : "libaio",
    "direct" : "1",
    "buffered" : "0",
    "time_based" : "1",
    "runtime" : "60",
    "size" : "8G",
    "group_reporting" : "1",
    "iodepth" : "4",
    "bs" : "8k",
    "rw" : "write"
  },
  "jobs" : [
    {
      "jobname" : "Test_sda",
      "groupid" : 0,
      "job_start" : 1730906299467,
      "error" : 0,
      "eta" : 0,
      "elapsed" : 61,
      "job options" : {
        "filename" : "/dev/sdb"
      },
      "read" : {
        "io_bytes" : 0,
        "io_kbytes" : 0,
        "bw_bytes" : 0,
        "bw" : 0,
        "iops" : 0.000000,
        "runtime" : 0,
        "total_ios" : 0,
        "short_ios" : 0,
        "drop_ios" : 0,
        "slat_ns" : {
          "min" : 0,
          "max" : 0,
          "mean" : 0.000000,
          "stddev" : 0.000000,
          "N" : 0
        },
        "clat_ns" : {
          "min" : 0,
          "max" : 0,
          "mean" : 0.000000,
          "stddev" : 0.000000,
          "N" : 0
        },
        "lat_ns" : {
          "min" : 0,
          "max" : 0,
          "mean" : 0.000000,
          "stddev" : 0.000000,
          "N" : 0
        },
        "bw_min" : 0,
        "bw_max" : 0,
        "bw_agg" : 0.000000,
        "bw_mean" : 0.000000,
        "bw_dev" : 0.000000,
        "bw_samples" : 0,
        "iops_min" : 0,
        "iops_max" : 0,
        "iops_mean" : 0.000000,
        "iops_stddev" : 0.000000,
        "iops_samples" : 0
      },
      "write" : {
        "io_bytes" : 32191971328,
        "io_kbytes" : 31437472,
        "bw_bytes" : 536523913,
        "bw" : 523949,
        "iops" : 65493.641773,
        "runtime" : 60001,
        "total_ios" : 3929684,
        "short_ios" : 0,
        "drop_ios" : 0,
        "slat_ns" : {
          "min" : 677,
          "max" : 119218,
          "mean" : 3751.604557,
          "stddev" : 1342.313100,
          "N" : 3929684
        },
        "clat_ns" : {
          "min" : 19609,
          "max" : 58187592,
          "mean" : 117678.782829,
          "stddev" : 188325.691059,
          "N" : 3929684,
          "percentile" : {
            "1.000000" : 77312,
            "5.000000" : 79360,
            "10.000000" : 80384,
            "20.000000" : 82432,
            "30.000000" : 83456,
            "40.000000" : 84480,
            "50.000000" : 104960,
            "60.000000" : 107008,
            "70.000000" : 108032,
            "80.000000" : 109056,
            "90.000000" : 112128,
            "95.000000" : 228352,
            "99.000000" : 610304,
            "99.500000" : 675840,
            "99.900000" : 995328,
            "99.950000" : 1122304,
            "99.990000" : 1941504
          },
          "bins" : {
            "19584" : 1,
            "26752" : 1,
            "27264" : 2,
            "27520" : 4,
            "27776" : 6,
            "28032" : 6,
            "28288" : 5,
            "28544" : 3,
            "28800" : 2,
            "29056" : 4,
            "30080" : 2,
            "30336" : 1,
            "30848" : 1,
            "36608" : 4,
            "37120" : 2,
            "37632" : 1,
            "38656" : 2,
            "39168" : 1,
            "39680" : 1,
            "40192" : 1,
            "41216" : 3,
            "42240" : 3,
            "42752" : 1,
            "43264" : 3,
            "43776" : 1,
            "44288" : 1,
            "45312" : 1,
            "45824" : 1,
            "46336" : 1,
            "46848" : 4,
            "47360" : 6,
            "47872" : 11,
            "48384" : 1,
            "48896" : 4,
            "49408" : 5,
            "49920" : 9,
            "50432" : 53,
            "50944" : 106,
            "51456" : 143,
            "51968" : 85,
            "52480" : 66,
            "52992" : 31,
            "53504" : 24,
            "54016" : 33,
            "54528" : 118,
            "55040" : 269,
            "55552" : 632,
            "56064" : 828,
            "56576" : 789,
            "57088" : 581,
            "57600" : 462,
            "58112" : 393,
            "58624" : 465,
            "59136" : 318,
            "59648" : 128,
            "60160" : 77,
            "60672" : 45,
            "61184" : 39,
            "61696" : 39,
            "62208" : 24,
            "62720" : 21,
            "63232" : 19,
            "63744" : 11,
            "64256" : 16,
            "64768" : 13,
            "65280" : 11,
            "66048" : 21,
            "67072" : 17,
            "68096" : 15,
            "69120" : 10,
            "70144" : 15,
            "71168" : 14,
            "72192" : 11,
            "73216" : 9,
            "74240" : 9,
            "75264" : 33,
            "76288" : 1487,
            "77312" : 41411,
            "78336" : 101364,
            "79360" : 89620,
            "80384" : 189903,
            "81408" : 349319,
            "82432" : 283149,
            "83456" : 303674,
            "84480" : 216239,
            "85504" : 86222,
            "86528" : 37644,
            "87552" : 21486,
            "88576" : 16333,
            "89600" : 13902,
            "90624" : 10840,
            "91648" : 6924,
            "92672" : 4120,
            "93696" : 2540,
            "94720" : 2049,
            "95744" : 1877,
            "96768" : 1654,
            "97792" : 1776,
            "98816" : 1784,
            "99840" : 1823,
            "100864" : 2569,
            "101888" : 10724,
            "102912" : 40820,
            "103936" : 96146,
            "104960" : 143108,
            "105984" : 188710,
            "107008" : 293643,
            "108032" : 380293,
            "109056" : 305952,
            "110080" : 166780,
            "111104" : 85025,
            "112128" : 53440,
            "113152" : 42138,
            "114176" : 32467,
            "115200" : 21411,
            "116224" : 12513,
            "117248" : 7387,
            "118272" : 5341,
            "119296" : 4483,
            "120320" : 3727,
            "121344" : 2931,
            "122368" : 2379,
            "123392" : 2197,
            "124416" : 2025,
            "125440" : 1968,
            "126464" : 1948,
            "127488" : 1927,
            "128512" : 2009,
            "129536" : 1866,
            "130560" : 1857,
            "132096" : 3344,
            "134144" : 2624,
            "136192" : 1930,
            "138240" : 1649,
            "140288" : 1276,
            "142336" : 1542,
            "144384" : 1979,
            "146432" : 2069,
            "148480" : 1453,
            "150528" : 702,
            "152576" : 466,
            "154624" : 280,
            "156672" : 129,
            "158720" : 98,
            "160768" : 72,
            "162816" : 76,
            "164864" : 60,
            "166912" : 67,
            "168960" : 54,
            "171008" : 67,
            "173056" : 46,
            "175104" : 34,
            "177152" : 37,
            "179200" : 17,
            "181248" : 39,
            "183296" : 25,
            "185344" : 36,
            "187392" : 27,
            "189440" : 31,
            "191488" : 30,
            "193536" : 17,
            "195584" : 9,
            "197632" : 21,
            "199680" : 5,
            "201728" : 21,
            "203776" : 12,
            "205824" : 30,
            "207872" : 41,
            "209920" : 37,
            "211968" : 72,
            "214016" : 56,
            "216064" : 91,
            "218112" : 91,
            "220160" : 67,
            "222208" : 110,
            "224256" : 232,
            "226304" : 445,
            "228352" : 637,
            "230400" : 648,
            "232448" : 546,
            "234496" : 409,
            "236544" : 316,
            "238592" : 352,
            "240640" : 398,
            "242688" : 374,
            "244736" : 409,
            "246784" : 474,
            "248832" : 510,