{
  "fio version" : "fio-3.36",
  "timestamp" : 1730905515,
  "timestamp_ms" : 1730905515254,
  "time" : "Wed Nov  6 16:05:15 2024",
  "global options" : {
    "ioengine" : "libaio",
    "direct" : "1",
    "buffered" : "0",
    "time_based" : "1",
    "runtime" : "60",
    "size" : "8G",
    "group_reporting" : "1",
    "iodepth" : "4",
    "bs" : "8k",
    "rw" : "write"
  },
  "jobs" : [
    {
      "jobname" : "Test_sda",
      "groupid" : 0,
      "job_start" : 1730905455223,
      "error" : 0,
      "eta" : 0,
      "elapsed" : 61,
      "job options" : {
        "filename" : "/dev/sdb"
      },
      "read" : {
        "io_bytes" : 0,
        "io_kbytes" : 0,
        "bw_bytes" : 0,
        "bw" : 0,
        "iops" : 0.000000,
        "runtime" : 0,
        "total_ios" : 0,
        "short_ios" : 0,
        "drop_ios" : 0,
        "slat_ns" : {
          "min" : 0,
          "max" : 0,
          "mean" : 0.000000,
          "stddev" : 0.000000,
          "N" : 0
        },
        "clat_ns" : {
          "min" : 0,
          "max" : 0,
          "mean" : 0.000000,
          "stddev" : 0.000000,
          "N" : 0
        },
        "lat_ns" : {
          "min" : 0,
          "max" : 0,
          "mean" : 0.000000,
          "stddev" : 0.000000,
          "N" : 0
        },
        "bw_min" : 0,
        "bw_max" : 0,
        "bw_agg" : 0.000000,
        "bw_mean" : 0.000000,
        "bw_dev" : 0.000000,
        "bw_samples" : 0,
        "iops_min" : 0,
        "iops_max" : 0,
        "iops_mean" : 0.000000,
        "iops_stddev" : 0.000000,
        "iops_samples" : 0
      },
      "write" : {
        "io_bytes" : 31781396480,
        "io_kbytes" : 31036520,
        "bw_bytes" : 529681113,
        "bw" : 517266,
        "iops" : 64658.339028,
        "runtime" : 60001,
        "total_ios" : 3879565,
        "short_ios" : 0,
        "drop_ios" : 0,
        "slat_ns" : {
          "min" : 896,
          "max" : 353039,
          "mean" : 4048.402580,
          "stddev" : 1399.628794,
          "N" : 3879565
        },
        "clat_ns" : {
          "min" : 20093,
          "max" : 54951878,
          "mean" : 118944.058298,
          "stddev" : 180239.969460,
          "N" : 3879565,
          "percentile" : {
            "1.000000" : 78336,
            "5.000000" : 80384,
            "10.000000" : 81408,
            "20.000000" : 82432,
            "30.000000" : 84480,
            "40.000000" : 85504,
            "50.000000" : 104960,
            "60.000000" : 107008,
            "70.000000" : 109056,
            "80.000000" : 110080,
            "90.000000" : 113152,
            "95.000000" : 250880,
            "99.000000" : 610304,
            "99.500000" : 675840,
            "99.900000" : 1003520,
            "99.950000" : 1138688,
            "99.990000" : 8454144
          },
          "bins" : {
            "20096" : 1,
            "20352" : 1,
            "25216" : 1,
            "27264" : 1,
            "27776" : 3,
            "28032" : 5,
            "28288" : 6,
            "28544" : 12,
            "28800" : 7,
            "29056" : 7,
            "29312" : 3,
            "29568" : 5,
            "29824" : 2,
            "30080" : 6,
            "30336" : 5,
            "30592" : 2,
            "30848" : 1,
            "31360" : 2,
            "32384" : 1,
            "32640" : 2,
            "33024" : 8,
            "36608" : 1,
            "37120" : 1,
            "38144" : 1,
            "39680" : 1,
            "41216" : 1,
            "42240" : 1,
            "42752" : 1,
            "43264" : 1,
            "43776" : 1,
            "44288" : 3,
            "44800" : 2,
            "45312" : 2,
            "45824" : 3,
            "46336" : 4,
            "46848" : 1,
            "47360" : 1,
            "47872" : 7,
            "48384" : 13,
            "48896" : 13,
            "49408" : 6,
            "49920" : 2,
            "50432" : 6,
            "50944" : 5,
            "51456" : 56,
            "51968" : 129,
            "52480" : 160,
            "52992" : 139,
            "53504" : 93,
            "54016" : 49,
            "54528" : 29,
            "55040" : 15,
            "55552" : 14,
            "56064" : 8,
            "56576" : 14,
            "57088" : 6,
            "57600" : 13,
            "58112" : 5,
            "58624" : 14,
            "59136" : 15,
            "59648" : 8,
            "60160" : 2,
            "60672" : 6,
            "61184" : 5,
            "61696" : 5,
            "62208" : 8,
            "62720" : 3,
            "63232" : 3,
            "63744" : 1,
            "64256" : 6,
            "64768" : 4,
            "65280" : 2,
            "66048" : 10,
            "67072" : 7,
            "68096" : 10,
            "69120" : 5,
            "70144" : 4,
            "71168" : 5,
            "72192" : 5,
            "73216" : 11,
            "74240" : 8,
            "75264" : 10,
            "76288" : 85,
            "77312" : 5548,
            "78336" : 51135,
            "79360" : 94529,
            "80384" : 103744,
            "81408" : 209164,
            "82432" : 328130,
            "83456" : 303748,
            "84480" : 315285,
            "85504" : 223943,
            "86528" : 96056,
            "87552" : 40701,
            "88576" : 22883,
            "89600" : 17090,
            "90624" : 15048,
            "91648" : 12421,
            "92672" : 8287,
            "93696" : 5094,
            "94720" : 2896,
            "95744" : 2122,
            "96768" : 1617,
            "97792" : 1367,
            "98816" : 1301,
            "99840" : 1267,
            "100864" : 1296,
            "101888" : 3209,
            "102912" : 14888,
            "103936" : 49790,
            "104960" : 98700,
            "105984" : 138594,
            "107008" : 191542,
            "108032" : 286397,
            "109056" : 341186,
            "110080" : 263390,
            "111104" : 138445,
            "112128" : 67370,
            "113152" : 41713,
            "114176" : 32583,
            "115200" : 26761,
            "116224" : 19344,
            "117248" : 12283,
            "118272" : 7199,
            "119296" : 4841,
            "120320" : 3855,
            "121344" : 2920,
            "122368" : 2474,
            "123392" : 1836,
            "124416" : 1564,
            "125440" : 1403,
            "126464" : 1428,
            "127488" : 1375,
            "128512" : 1376,
            "129536" : 1337,
            "130560" : 1312,
            "132096" : 2607,
            "134144" : 2410,
            "136192" : 2007,
            "138240" : 1622,
            "140288" : 1292,
            "142336" : 1374,
            "144384" : 1729,
            "146432" : 2016,
            "148480" : 1759,
            "150528" : 871,
            "152576" : 449,
            "154624" : 263,
            "156672" : 161,
            "158720" : 107,
            "160768" : 99,
            "162816" : 55,
            "164864" : 56,
            "166912" : 53,
            "168960" : 56,
            "171008" : 70,
            "173056" : 26,
            "175104" : 28,
            "177152" : 17,
            "179200" : 27,
            "181248" : 24,
            "183296" : 28,
            "185344" : 14,
            "187392" : 29,
            "189440" : 25,
            "191488" : 49,
            "193536" : 56,
            "195584" : 58,
            "197632" : 70,
            "199680" : 99,
            "201728" : 192,
            "203776" : 234,
            "205824" : 464,
            "207872" : 562,
            "209920" : 739,
            "211968" : 919,
            "214016" : 961,
            "216064" : 982,
            "218112" : 990,
            "220160" : 1224,
            "222208" : 1534,
            "224256" : 2224,
            "226304" : 2959,
            "228352" : 3505,
            "230400" : 3007,
            "232448" : 2845,
            "234496" : 3066,
            "236544" : 3220,
            "238592" : 2914,