{
  "fio version" : "fio-3.36",
  "timestamp" : 1730905274,
  "timestamp_ms" : 1730905274046,
  "time" : "Wed Nov  6 16:01:14 2024",
  "global options" : {
    "ioengine" : "libaio",
    "direct" : "1",
    "buffered" : "0",
    "time_based" : "1",
    "runtime" : "60",
    "size" : "8G",
    "group_reporting" : "1",
    "iodepth" : "4",
    "bs" : "8k",
    "rw" : "write"
  },
  "jobs" : [
    {
      "jobname" : "Test_sda",
      "groupid" : 0,
      "job_start" : 1730905214008,
      "error" : 0,
      "eta" : 0,
      "elapsed" : 61,
      "job options" : {
        "filename" : "/dev/sdb"
      },
      "read" : {
        "io_bytes" : 0,
        "io_kbytes" : 0,
        "bw_bytes" : 0,
        "bw" : 0,
        "iops" : 0.000000,
        "runtime" : 0,
        "total_ios" : 0,
        "short_ios" : 0,
        "drop_ios" : 0,
        "slat_ns" : {
          "min" : 0,
          "max" : 0,
          "mean" : 0.000000,
          "stddev" : 0.000000,
          "N" : 0
        },
        "clat_ns" : {
          "min" : 0,
          "max" : 0,
          "mean" : 0.000000,
          "stddev" : 0.000000,
          "N" : 0
        },
        "lat_ns" : {
          "min" : 0,
          "max" : 0,
          "mean" : 0.000000,
          "stddev" : 0.000000,
          "N" : 0
        },
        "bw_min" : 0,
        "bw_max" : 0,
        "bw_agg" : 0.000000,
        "bw_mean" : 0.000000,
        "bw_dev" : 0.000000,
        "bw_samples" : 0,
        "iops_min" : 0,
        "iops_max" : 0,
        "iops_mean" : 0.000000,
        "iops_stddev" : 0.000000,
        "iops_samples" : 0
      },
      "write" : {
        "io_bytes" : 32082026496,
        "io_kbytes" : 31330104,
        "bw_bytes" : 534691530,
        "bw" : 522159,
        "iops" : 65269.962167,
        "runtime" : 60001,
        "total_ios" : 3916263,
        "short_ios" : 0,
        "drop_ios" : 0,
        "slat_ns" : {
          "min" : 887,
          "max" : 128444,
          "mean" : 3767.227003,
          "stddev" : 1354.527132,
          "N" : 3916263
        },
        "clat_ns" : {
          "min" : 19262,
          "max" : 83651666,
          "mean" : 118073.668259,
          "stddev" : 176629.941214,
          "N" : 3916263,
          "percentile" : {
            "1.000000" : 77312,
            "5.000000" : 79360,
            "10.000000" : 80384,
            "20.000000" : 81408,
            "30.000000" : 83456,
            "40.000000" : 84480,
            "50.000000" : 103936,
            "60.000000" : 105984,
            "70.000000" : 107008,
            "80.000000" : 108032,
            "90.000000" : 111104,
            "95.000000" : 264192,
            "99.000000" : 610304,
            "99.500000" : 675840,
            "99.900000" : 995328,
            "99.950000" : 1122304,
            "99.990000" : 2211840
          },
          "bins" : {
            "19328" : 1,
            "19584" : 1,
            "24704" : 1,
            "27008" : 1,
            "27264" : 3,
            "27520" : 6,
            "27776" : 6,
            "28032" : 13,
            "28288" : 11,
            "28544" : 10,
            "28800" : 10,
            "29056" : 3,
            "29312" : 4,
            "29568" : 1,
            "29824" : 1,
            "30336" : 1,
            "30848" : 1,
            "31872" : 1,
            "32384" : 1,
            "34560" : 1,
            "35584" : 2,
            "36096" : 1,
            "36608" : 2,
            "37120" : 2,
            "38144" : 1,
            "38656" : 2,
            "39680" : 2,
            "40704" : 2,
            "41216" : 1,
            "41728" : 3,
            "42240" : 1,
            "42752" : 2,
            "43776" : 1,
            "44800" : 3,
            "45312" : 3,
            "45824" : 1,
            "46336" : 3,
            "46848" : 6,
            "47360" : 17,
            "47872" : 14,
            "48384" : 10,
            "48896" : 3,
            "49408" : 4,
            "49920" : 33,
            "50432" : 148,
            "50944" : 220,
            "51456" : 228,
            "51968" : 150,
            "52480" : 72,
            "52992" : 36,
            "53504" : 24,
            "54016" : 12,
            "54528" : 15,
            "55040" : 19,
            "55552" : 12,
            "56064" : 17,
            "56576" : 13,
            "57088" : 8,
            "57600" : 11,
            "58112" : 7,
            "58624" : 15,
            "59136" : 31,
            "59648" : 12,
            "60160" : 11,
            "60672" : 8,
            "61184" : 13,
            "61696" : 12,
            "62208" : 20,
            "62720" : 17,
            "63232" : 26,
            "63744" : 30,
            "64256" : 19,
            "64768" : 24,
            "65280" : 13,
            "66048" : 43,
            "67072" : 45,
            "68096" : 53,
            "69120" : 51,
            "70144" : 50,
            "71168" : 42,
            "72192" : 40,
            "73216" : 40,
            "74240" : 26,
            "75264" : 86,
            "76288" : 5537,
            "77312" : 69875,
            "78336" : 107576,
            "79360" : 97326,
            "80384" : 252026,
            "81408" : 365050,
            "82432" : 275314,
            "83456" : 292990,
            "84480" : 163573,
            "85504" : 63650,
            "86528" : 30287,
            "87552" : 18279,
            "88576" : 13742,
            "89600" : 10758,
            "90624" : 7033,
            "91648" : 3768,
            "92672" : 2044,
            "93696" : 1350,
            "94720" : 991,
            "95744" : 933,
            "96768" : 939,
            "97792" : 987,
            "98816" : 958,
            "99840" : 1098,
            "100864" : 3991,
            "101888" : 20198,
            "102912" : 66277,
            "103936" : 129806,
            "104960" : 168768,
            "105984" : 233494,
            "107008" : 363099,
            "108032" : 390423,
            "109056" : 247500,
            "110080" : 102866,
            "111104" : 43127,
            "112128" : 29144,
            "113152" : 24145,
            "114176" : 18630,
            "115200" : 11470,
            "116224" : 6290,
            "117248" : 3735,
            "118272" : 3026,
            "119296" : 2536,
            "120320" : 1937,
            "121344" : 1480,
            "122368" : 1127,
            "123392" : 951,
            "124416" : 821,
            "125440" : 886,
            "126464" : 932,
            "127488" : 975,
            "128512" : 961,
            "129536" : 998,
            "130560" : 1031,
            "132096" : 2012,
            "134144" : 1812,
            "136192" : 1695,
            "138240" : 1314,
            "140288" : 1305,
            "142336" : 1595,
            "144384" : 2202,
            "146432" : 2044,
            "148480" : 1146,
            "150528" : 387,
            "152576" : 185,
            "154624" : 126,
            "156672" : 65,
            "158720" : 66,
            "160768" : 50,
            "162816" : 48,
            "164864" : 47,
            "166912" : 53,
            "168960" : 64,
            "171008" : 56,
            "173056" : 31,
            "175104" : 33,
            "177152" : 32,
            "179200" : 34,
            "181248" : 33,
            "183296" : 27,
            "185344" : 34,
            "187392" : 52,
            "189440" : 93,
            "191488" : 97,
            "193536" : 109,
            "195584" : 131,
            "197632" : 119,
            "199680" : 155,
            "201728" : 228,
            "203776" : 322,
            "205824" : 448,
            "207872" : 605,
            "209920" : 761,
            "211968" : 966,
            "214016" : 937,
            "216064" : 1007,
            "218112" : 921,
            "220160" : 872,
            "222208" : 820,
            "224256" : 765,
            "226304" : 879,
            "228352" : 971,
            "230400" : 1155,
            "232448" : 1199,
            "234496" : 1227,