{
  "fio version" : "fio-3.36",
  "timestamp" : 1730904068,
  "timestamp_ms" : 1730904068067,
  "time" : "Wed Nov  6 15:41:08 2024",
  "global options" : {
    "ioengine" : "libaio",
    "direct" : "1",
    "buffered" : "0",
    "time_based" : "1",
    "runtime" : "60",
    "size" : "8G",
    "group_reporting" : "1",
    "iodepth" : "4",
    "bs" : "8k",
    "rw" : "write"
  },
  "jobs" : [
    {
      "jobname" : "Test_sda",
      "groupid" : 0,
      "job_start" : 1730904008023,
      "error" : 0,
      "eta" : 0,
      "elapsed" : 61,
      "job options" : {
        "filename" : "/dev/sda"
      },
      "read" : {
        "io_bytes" : 0,
        "io_kbytes" : 0,
        "bw_bytes" : 0,
        "bw" : 0,
        "iops" : 0.000000,
        "runtime" : 0,
        "total_ios" : 0,
        "short_ios" : 0,
        "drop_ios" : 0,
        "slat_ns" : {
          "min" : 0,
          "max" : 0,
          "mean" : 0.000000,
          "stddev" : 0.000000,
          "N" : 0
        },
        "clat_ns" : {
          "min" : 0,
          "max" : 0,
          "mean" : 0.000000,
          "stddev" : 0.000000,
          "N" : 0
        },
        "lat_ns" : {
          "min" : 0,
          "max" : 0,
          "mean" : 0.000000,
          "stddev" : 0.000000,
          "N" : 0
        },
        "bw_min" : 0,
        "bw_max" : 0,
        "bw_agg" : 0.000000,
        "bw_mean" : 0.000000,
        "bw_dev" : 0.000000,
        "bw_samples" : 0,
        "iops_min" : 0,
        "iops_max" : 0,
        "iops_mean" : 0.000000,
        "iops_stddev" : 0.000000,
        "iops_samples" : 0
      },
      "write" : {
        "io_bytes" : 15892652032,
        "io_kbytes" : 15520168,
        "bw_bytes" : 264833394,
        "bw" : 258626,
        "iops" : 32328.295284,
        "runtime" : 60010,
        "total_ios" : 1940021,
        "short_ios" : 0,
        "drop_ios" : 0,
        "slat_ns" : {
          "min" : 875,
          "max" : 68268,
          "mean" : 3728.618533,
          "stddev" : 1302.028888,
          "N" : 1940021
        },
        "clat_ns" : {
          "min" : 27408,
          "max" : 29095735,
          "mean" : 119282.074237,
          "stddev" : 158142.129685,
          "N" : 1940021,
          "percentile" : {
            "1.000000" : 77312,
            "5.000000" : 78336,
            "10.000000" : 80384,
            "20.000000" : 81408,
            "30.000000" : 82432,
            "40.000000" : 84480,
            "50.000000" : 103936,
            "60.000000" : 105984,
            "70.000000" : 107008,
            "80.000000" : 108032,
            "90.000000" : 111104,
            "95.000000" : 350208,
            "99.000000" : 618496,
            "99.500000" : 684032,
            "99.900000" : 962560,
            "99.950000" : 1105920,
            "99.990000" : 1925120
          },
          "bins" : {
            "27520" : 2,
            "27776" : 6,
            "28032" : 1,
            "28288" : 2,
            "28544" : 2,
            "29312" : 1,
            "32128" : 1,
            "32384" : 1,
            "33024" : 1,
            "39168" : 1,
            "42752" : 1,
            "43776" : 1,
            "44800" : 1,
            "45824" : 1,
            "46848" : 1,
            "47360" : 4,
            "47872" : 1,
            "48384" : 3,
            "48896" : 1,
            "49920" : 4,
            "50432" : 4,
            "50944" : 22,
            "51456" : 43,
            "51968" : 28,
            "52480" : 13,
            "52992" : 8,
            "53504" : 7,
            "54016" : 2,
            "54528" : 3,
            "55040" : 4,
            "55552" : 3,
            "56064" : 3,
            "56576" : 2,
            "57088" : 2,
            "57600" : 4,
            "58112" : 2,
            "58624" : 2,
            "59648" : 6,
            "62208" : 1,
            "63232" : 1,
            "64768" : 1,
            "65280" : 1,
            "66048" : 1,
            "68096" : 2,
            "69120" : 2,
            "72192" : 1,
            "74240" : 5,
            "75264" : 99,
            "76288" : 11278,
            "77312" : 56241,
            "78336" : 46633,
            "79360" : 67579,
            "80384" : 186431,
            "81408" : 158445,
            "82432" : 131811,
            "83456" : 108598,
            "84480" : 44187,
            "85504" : 19863,
            "86528" : 11440,
            "87552" : 7830,
            "88576" : 6499,
            "89600" : 4913,
            "90624" : 2601,
            "91648" : 1604,
            "92672" : 950,
            "93696" : 642,
            "94720" : 594,
            "95744" : 507,
            "96768" : 545,
            "97792" : 545,
            "98816" : 580,
            "99840" : 764,
            "100864" : 3300,
            "101888" : 14003,
            "102912" : 39698,
            "103936" : 71361,
            "104960" : 89398,
            "105984" : 130361,
            "107008" : 196641,
            "108032" : 176294,
            "109056" : 92449,
            "110080" : 40469,
            "111104" : 22606,
            "112128" : 17674,
            "113152" : 15069,
            "114176" : 10169,
            "115200" : 5818,
            "116224" : 3108,
            "117248" : 2198,
            "118272" : 1908,
            "119296" : 1546,
            "120320" : 1118,
            "121344" : 913,
            "122368" : 824,
            "123392" : 723,
            "124416" : 685,
            "125440" : 649,
            "126464" : 627,
            "127488" : 665,
            "128512" : 656,
            "129536" : 665,
            "130560" : 587,
            "132096" : 1328,
            "134144" : 1199,
            "136192" : 907,
            "138240" : 798,
            "140288" : 751,
            "142336" : 862,
            "144384" : 1036,
            "146432" : 968,
            "148480" : 544,
            "150528" : 262,
            "152576" : 142,
            "154624" : 75,
            "156672" : 49,
            "158720" : 37,
            "160768" : 37,
            "162816" : 38,
            "164864" : 45,
            "166912" : 35,
            "168960" : 15,
            "171008" : 28,
            "173056" : 8,
            "175104" : 10,
            "177152" : 4,
            "179200" : 10,
            "181248" : 17,
            "183296" : 24,
            "185344" : 16,
            "187392" : 11,
            "189440" : 12,
            "191488" : 17,
            "193536" : 15,
            "195584" : 16,
            "197632" : 10,
            "199680" : 4,
            "201728" : 4,
            "203776" : 5,
            "205824" : 15,
            "207872" : 13,
            "209920" : 16,
            "211968" : 26,
            "214016" : 30,
            "216064" : 43,
            "218112" : 38,
            "220160" : 44,
            "222208" : 71,
            "224256" : 153,
            "226304" : 240,
            "228352" : 308,
            "230400" : 342,
            "232448" : 279,
            "234496" : 266,
            "236544" : 218,
            "238592" : 247,
            "240640" : 183,
            "242688" : 225,
            "244736" : 225,
            "246784" : 251,
            "248832" : 288,
            "250880" : 304,
            "252928" : 358,
            "254976" : 342,
            "257024" : 360,
            "259072" : 365,
            "261120" : 301,
            "264192" : 374,
            "268288" : 198,
            "272384" : 108,
            "276480" : 122,
            "280576" : 174,
            "284672" : 294,
            "288768" : 324,
            "292864" : 338,
            "296960" : 257,
            "301056" : 193,
            "305152" : 143,
            "309248" : 85,
            "313344" : 80,
            "317440" : 79,
            "321536" : 84,
            "325632" : 75,
            "329728" : 76,
            "333824" : 459,
            "337920" : 2352,
            "342016" : 2016,
            "346112" : 4396,
            "350208" : 4568,