{
  "fio version" : "fio-3.36",
  "timestamp" : 1730905756,
  "timestamp_ms" : 1730905756455,
  "time" : "Wed Nov  6 16:09:16 2024",
  "global options" : {
    "ioengine" : "libaio",
    "direct" : "1",
    "buffered" : "0",
    "time_based" : "1",
    "runtime" : "60",
    "size" : "8G",
    "group_reporting" : "1",
    "iodepth" : "4",
    "bs" : "8k",
    "rw" : "write"
  },
  "jobs" : [
    {
      "jobname" : "Test_sda",
      "groupid" : 0,
      "job_start" : 1730905696427,
      "error" : 0,
      "eta" : 0,
      "elapsed" : 61,
      "job options" : {
        "filename" : "/dev/sdb"
      },
      "read" : {
        "io_bytes" : 0,
        "io_kbytes" : 0,
        "bw_bytes" : 0,
        "bw" : 0,
        "iops" : 0.000000,
        "runtime" : 0,
        "total_ios" : 0,
        "short_ios" : 0,
        "drop_ios" : 0,
        "slat_ns" : {
          "min" : 0,
          "max" : 0,
          "mean" : 0.000000,
          "stddev" : 0.000000,
          "N" : 0
        },
        "clat_ns" : {
          "min" : 0,
          "max" : 0,
          "mean" : 0.000000,
          "stddev" : 0.000000,
          "N" : 0
        },
        "lat_ns" : {
          "min" : 0,
          "max" : 0,
          "mean" : 0.000000,
          "stddev" : 0.000000,
          "N" : 0
        },
        "bw_min" : 0,
        "bw_max" : 0,
        "bw_agg" : 0.000000,
        "bw_mean" : 0.000000,
        "bw_dev" : 0.000000,
        "bw_samples" : 0,
        "iops_min" : 0,
        "iops_max" : 0,
        "iops_mean" : 0.000000,
        "iops_stddev" : 0.000000,
        "iops_samples" : 0
      },
      "write" : {
        "io_bytes" : 32219594752,
        "io_kbytes" : 31464448,
        "bw_bytes" : 536984296,
        "bw" : 524398,
        "iops" : 65549.840836,
        "runtime" : 60001,
        "total_ios" : 3933056,
        "short_ios" : 0,
        "drop_ios" : 0,
        "slat_ns" : {
          "min" : 692,
          "max" : 172719,
          "mean" : 3766.280461,
          "stddev" : 1363.140041,
          "N" : 3933056
        },
        "clat_ns" : {
          "min" : 18724,
          "max" : 56647533,
          "mean" : 117554.870500,
          "stddev" : 176361.119644,
          "N" : 3933056,
          "percentile" : {
            "1.000000" : 77312,
            "5.000000" : 78336,
            "10.000000" : 80384,
            "20.000000" : 81408,
            "30.000000" : 82432,
            "40.000000" : 84480,
            "50.000000" : 103936,
            "60.000000" : 105984,
            "70.000000" : 107008,
            "80.000000" : 108032,
            "90.000000" : 111104,
            "95.000000" : 264192,
            "99.000000" : 610304,
            "99.500000" : 675840,
            "99.900000" : 987136,
            "99.950000" : 1122304,
            "99.990000" : 1875968
          },
          "bins" : {
            "18816" : 1,
            "19328" : 1,
            "23936" : 1,
            "24448" : 1,
            "24960" : 1,
            "26752" : 2,
            "27008" : 3,
            "27264" : 9,
            "27520" : 7,
            "27776" : 6,
            "28032" : 8,
            "28288" : 5,
            "28544" : 5,
            "28800" : 1,
            "29312" : 4,
            "29568" : 1,
            "30080" : 1,
            "31104" : 1,
            "32128" : 1,
            "32384" : 1,
            "32640" : 2,
            "33024" : 1,
            "34048" : 1,
            "36608" : 2,
            "38144" : 1,
            "38656" : 1,
            "39168" : 2,
            "39680" : 1,
            "40704" : 2,
            "41728" : 4,
            "42240" : 1,
            "42752" : 1,
            "43264" : 2,
            "43776" : 1,
            "44288" : 2,
            "44800" : 2,
            "45312" : 1,
            "45824" : 2,
            "46848" : 9,
            "47360" : 6,
            "47872" : 8,
            "48384" : 11,
            "48896" : 7,
            "49408" : 9,
            "49920" : 17,
            "50432" : 70,
            "50944" : 133,
            "51456" : 148,
            "51968" : 110,
            "52480" : 81,
            "52992" : 28,
            "53504" : 15,
            "54016" : 26,
            "54528" : 62,
            "55040" : 176,
            "55552" : 279,
            "56064" : 461,
            "56576" : 513,
            "57088" : 372,
            "57600" : 202,
            "58112" : 148,
            "58624" : 77,
            "59136" : 84,
            "59648" : 40,
            "60160" : 36,
            "60672" : 18,
            "61184" : 15,
            "61696" : 26,
            "62208" : 12,
            "62720" : 24,
            "63232" : 19,
            "63744" : 19,
            "64256" : 22,
            "64768" : 19,
            "65280" : 28,
            "66048" : 44,
            "67072" : 43,
            "68096" : 57,
            "69120" : 49,
            "70144" : 53,
            "71168" : 50,
            "72192" : 35,
            "73216" : 43,
            "74240" : 46,
            "75264" : 116,
            "76288" : 10407,
            "77312" : 85432,
            "78336" : 99786,
            "79360" : 105837,
            "80384" : 289758,
            "81408" : 343491,
            "82432" : 266060,
            "83456" : 269849,
            "84480" : 131802,
            "85504" : 54581,
            "86528" : 28916,
            "87552" : 18258,
            "88576" : 13631,
            "89600" : 10686,
            "90624" : 6726,
            "91648" : 3941,
            "92672" : 2421,
            "93696" : 1517,
            "94720" : 1206,
            "95744" : 1119,
            "96768" : 1136,
            "97792" : 1110,
            "98816" : 1168,
            "99840" : 1424,
            "100864" : 5691,
            "101888" : 26335,
            "102912" : 78086,
            "103936" : 141334,
            "104960" : 178406,
            "105984" : 258109,
            "107008" : 390950,
            "108032" : 381212,
            "109056" : 227348,
            "110080" : 96907,
            "111104" : 45297,
            "112128" : 30985,
            "113152" : 25611,
            "114176" : 18475,
            "115200" : 11852,
            "116224" : 6885,
            "117248" : 4288,
            "118272" : 3509,
            "119296" : 2755,
            "120320" : 2073,
            "121344" : 1612,
            "122368" : 1297,
            "123392" : 1232,
            "124416" : 1123,
            "125440" : 1056,
            "126464" : 1140,
            "127488" : 1118,
            "128512" : 1217,
            "129536" : 1094,
            "130560" : 1165,
            "132096" : 2211,
            "134144" : 2008,
            "136192" : 1677,
            "138240" : 1360,
            "140288" : 1361,
            "142336" : 1743,
            "144384" : 2227,
            "146432" : 1983,
            "148480" : 1023,
            "150528" : 467,
            "152576" : 254,
            "154624" : 117,
            "156672" : 78,
            "158720" : 49,
            "160768" : 37,
            "162816" : 50,
            "164864" : 47,
            "166912" : 65,
            "168960" : 45,
            "171008" : 62,
            "173056" : 38,
            "175104" : 39,
            "177152" : 41,
            "179200" : 29,
            "181248" : 15,
            "183296" : 15,
            "185344" : 7,
            "187392" : 18,
            "189440" : 32,
            "191488" : 28,
            "193536" : 32,
            "195584" : 21,
            "197632" : 20,
            "199680" : 25,
            "201728" : 49,
            "203776" : 81,
            "205824" : 115,
            "207872" : 169,
            "209920" : 210,
            "211968" : 277,
            "214016" : 292,
            "216064" : 306,
            "218112" : 271,
            "220160" : 270,
            "222208" : 325,
            "224256" : 399,
            "226304" : 657,
            "228352" : 780,
            "230400" : 818,