{
  "fio version" : "fio-3.36",
  "timestamp" : 1730906721,
  "timestamp_ms" : 1730906721317,
  "time" : "Wed Nov  6 16:25:21 2024",
  "global options" : {
    "ioengine" : "libaio",
    "direct" : "1",
    "buffered" : "0",
    "time_based" : "1",
    "runtime" : "60",
    "size" : "8G",
    "group_reporting" : "1",
    "iodepth" : "4",
    "bs" : "8k",
    "rw" : "write"
  },
  "jobs" : [
    {
      "jobname" : "Test_sda",
      "groupid" : 0,
      "job_start" : 1730906661278,
      "error" : 0,
      "eta" : 0,
      "elapsed" : 61,
      "job options" : {
        "filename" : "/dev/sdb"
      },
      "read" : {
        "io_bytes" : 0,
        "io_kbytes" : 0,
        "bw_bytes" : 0,
        "bw" : 0,
        "iops" : 0.000000,
        "runtime" : 0,
        "total_ios" : 0,
        "short_ios" : 0,
        "drop_ios" : 0,
        "slat_ns" : {
          "min" : 0,
          "max" : 0,
          "mean" : 0.000000,
          "stddev" : 0.000000,
          "N" : 0
        },
        "clat_ns" : {
          "min" : 0,
          "max" : 0,
          "mean" : 0.000000,
          "stddev" : 0.000000,
          "N" : 0
        },
        "lat_ns" : {
          "min" : 0,
          "max" : 0,
          "mean" : 0.000000,
          "stddev" : 0.000000,
          "N" : 0
        },
        "bw_min" : 0,
        "bw_max" : 0,
        "bw_agg" : 0.000000,
        "bw_mean" : 0.000000,
        "bw_dev" : 0.000000,
        "bw_samples" : 0,
        "iops_min" : 0,
        "iops_max" : 0,
        "iops_mean" : 0.000000,
        "iops_stddev" : 0.000000,
        "iops_samples" : 0
      },
      "write" : {
        "io_bytes" : 32196526080,
        "io_kbytes" : 31441920,
        "bw_bytes" : 536599824,
        "bw" : 524023,
        "iops" : 65502.908285,
        "runtime" : 60001,
        "total_ios" : 3930240,
        "short_ios" : 0,
        "drop_ios" : 0,
        "slat_ns" : {
          "min" : 883,
          "max" : 124604,
          "mean" : 3749.380438,
          "stddev" : 1354.526224,
          "N" : 3930240
        },
        "clat_ns" : {
          "min" : 19094,
          "max" : 42345585,
          "mean" : 117658.339749,
          "stddev" : 171798.701873,
          "N" : 3930240,
          "percentile" : {
            "1.000000" : 77312,
            "5.000000" : 79360,
            "10.000000" : 80384,
            "20.000000" : 81408,
            "30.000000" : 82432,
            "40.000000" : 84480,
            "50.000000" : 103936,
            "60.000000" : 105984,
            "70.000000" : 107008,
            "80.000000" : 108032,
            "90.000000" : 112128,
            "95.000000" : 246784,
            "99.000000" : 610304,
            "99.500000" : 675840,
            "99.900000" : 995328,
            "99.950000" : 1122304,
            "99.990000" : 2088960
          },
          "bins" : {
            "19072" : 1,
            "19584" : 1,
            "23680" : 1,
            "24704" : 1,
            "25216" : 1,
            "27008" : 2,
            "27264" : 3,
            "27520" : 3,
            "27776" : 9,
            "28032" : 8,
            "28288" : 8,
            "28544" : 7,
            "28800" : 2,
            "29056" : 2,
            "29568" : 1,
            "29824" : 1,
            "30848" : 1,
            "32128" : 2,
            "35584" : 1,
            "36096" : 1,
            "36608" : 2,
            "37632" : 1,
            "38656" : 1,
            "39680" : 1,
            "40192" : 5,
            "40704" : 2,
            "41216" : 2,
            "41728" : 1,
            "42240" : 1,
            "42752" : 1,
            "43264" : 1,
            "43776" : 3,
            "44288" : 1,
            "44800" : 2,
            "45312" : 3,
            "46336" : 4,
            "46848" : 18,
            "47360" : 17,
            "47872" : 15,
            "48384" : 7,
            "48896" : 1,
            "49408" : 4,
            "49920" : 24,
            "50432" : 131,
            "50944" : 230,
            "51456" : 197,
            "51968" : 144,
            "52480" : 69,
            "52992" : 36,
            "53504" : 28,
            "54016" : 17,
            "54528" : 12,
            "55040" : 16,
            "55552" : 14,
            "56064" : 7,
            "56576" : 8,
            "57088" : 6,
            "57600" : 6,
            "58112" : 16,
            "58624" : 17,
            "59136" : 10,
            "59648" : 10,
            "60160" : 6,
            "60672" : 11,
            "61184" : 5,
            "61696" : 8,
            "62208" : 10,
            "62720" : 8,
            "63232" : 5,
            "63744" : 12,
            "64256" : 5,
            "64768" : 14,
            "65280" : 9,
            "66048" : 19,
            "67072" : 23,
            "68096" : 29,
            "69120" : 23,
            "70144" : 17,
            "71168" : 10,
            "72192" : 21,
            "73216" : 24,
            "74240" : 13,
            "75264" : 126,
            "76288" : 13299,
            "77312" : 85307,
            "78336" : 94062,
            "79360" : 110275,
            "80384" : 288767,
            "81408" : 327601,
            "82432" : 267344,
            "83456" : 270291,
            "84480" : 138331,
            "85504" : 57009,
            "86528" : 28342,
            "87552" : 17758,
            "88576" : 13702,
            "89600" : 10808,
            "90624" : 7002,
            "91648" : 4248,
            "92672" : 2651,
            "93696" : 2030,
            "94720" : 1885,
            "95744" : 1799,
            "96768" : 1764,
            "97792" : 1974,
            "98816" : 1929,
            "99840" : 2510,
            "100864" : 7357,
            "101888" : 29258,
            "102912" : 80815,
            "103936" : 136106,
            "104960" : 170327,
            "105984" : 253637,
            "107008" : 375054,
            "108032" : 354325,
            "109056" : 208343,
            "110080" : 102122,
            "111104" : 61777,
            "112128" : 47891,
            "113152" : 39018,
            "114176" : 27361,
            "115200" : 15139,
            "116224" : 8067,
            "117248" : 5737,
            "118272" : 4789,
            "119296" : 4215,
            "120320" : 3187,
            "121344" : 2482,
            "122368" : 2287,
            "123392" : 2048,
            "124416" : 1987,
            "125440" : 1998,
            "126464" : 1940,
            "127488" : 1879,
            "128512" : 2072,
            "129536" : 2057,
            "130560" : 2006,
            "132096" : 3581,
            "134144" : 2745,
            "136192" : 1961,
            "138240" : 1697,
            "140288" : 1489,
            "142336" : 1725,
            "144384" : 2158,
            "146432" : 1885,
            "148480" : 1099,
            "150528" : 536,
            "152576" : 403,
            "154624" : 213,
            "156672" : 73,
            "158720" : 78,
            "160768" : 53,
            "162816" : 59,
            "164864" : 67,
            "166912" : 67,
            "168960" : 51,
            "171008" : 57,
            "173056" : 45,
            "175104" : 35,
            "177152" : 31,
            "179200" : 17,
            "181248" : 15,
            "183296" : 15,
            "185344" : 9,
            "187392" : 21,
            "189440" : 24,
            "191488" : 30,
            "193536" : 19,
            "195584" : 14,
            "197632" : 11,
            "199680" : 14,
            "201728" : 12,
            "203776" : 19,
            "205824" : 23,
            "207872" : 20,
            "209920" : 30,
            "211968" : 49,
            "214016" : 63,
            "216064" : 77,
            "218112" : 65,
            "220160" : 94,
            "222208" : 111,
            "224256" : 273,
            "226304" : 504,
            "228352" : 606,
            "230400" : 736,
            "232448" : 613,
            "234496" : 445,
            "236544" : 396,