{
  "fio version" : "fio-3.36",
  "timestamp" : 1730905997,
  "timestamp_ms" : 1730905997686,
  "time" : "Wed Nov  6 16:13:17 2024",
  "global options" : {
    "ioengine" : "libaio",
    "direct" : "1",
    "buffered" : "0",
    "time_based" : "1",
    "runtime" : "60",
    "size" : "8G",
    "group_reporting" : "1",
    "iodepth" : "4",
    "bs" : "8k",
    "rw" : "write"
  },
  "jobs" : [
    {
      "jobname" : "Test_sda",
      "groupid" : 0,
      "job_start" : 1730905937638,
      "error" : 0,
      "eta" : 0,
      "elapsed" : 61,
      "job options" : {
        "filename" : "/dev/sdb"
      },
      "read" : {
        "io_bytes" : 0,
        "io_kbytes" : 0,
        "bw_bytes" : 0,
        "bw" : 0,
        "iops" : 0.000000,
        "runtime" : 0,
        "total_ios" : 0,
        "short_ios" : 0,
        "drop_ios" : 0,
        "slat_ns" : {
          "min" : 0,
          "max" : 0,
          "mean" : 0.000000,
          "stddev" : 0.000000,
          "N" : 0
        },
        "clat_ns" : {
          "min" : 0,
          "max" : 0,
          "mean" : 0.000000,
          "stddev" : 0.000000,
          "N" : 0
        },
        "lat_ns" : {
          "min" : 0,
          "max" : 0,
          "mean" : 0.000000,
          "stddev" : 0.000000,
          "N" : 0
        },
        "bw_min" : 0,
        "bw_max" : 0,
        "bw_agg" : 0.000000,
        "bw_mean" : 0.000000,
        "bw_dev" : 0.000000,
        "bw_samples" : 0,
        "iops_min" : 0,
        "iops_max" : 0,
        "iops_mean" : 0.000000,
        "iops_stddev" : 0.000000,
        "iops_samples" : 0
      },
      "write" : {
        "io_bytes" : 32301203456,
        "io_kbytes" : 31544144,
        "bw_bytes" : 538344418,
        "bw" : 525726,
        "iops" : 65715.871402,
        "runtime" : 60001,
        "total_ios" : 3943018,
        "short_ios" : 0,
        "drop_ios" : 0,
        "slat_ns" : {
          "min" : 882,
          "max" : 489171,
          "mean" : 3726.839161,
          "stddev" : 1333.345882,
          "N" : 3943018
        },
        "clat_ns" : {
          "min" : 26438,
          "max" : 25860670,
          "mean" : 117277.625885,
          "stddev" : 151807.727592,
          "N" : 3943018,
          "percentile" : {
            "1.000000" : 77312,
            "5.000000" : 78336,
            "10.000000" : 80384,
            "20.000000" : 81408,
            "30.000000" : 82432,
            "40.000000" : 84480,
            "50.000000" : 103936,
            "60.000000" : 105984,
            "70.000000" : 107008,
            "80.000000" : 108032,
            "90.000000" : 110080,
            "95.000000" : 261120,
            "99.000000" : 610304,
            "99.500000" : 675840,
            "99.900000" : 987136,
            "99.950000" : 1122304,
            "99.990000" : 1875968
          },
          "bins" : {
            "26496" : 1,
            "27008" : 3,
            "27264" : 4,
            "27520" : 8,
            "27776" : 14,
            "28032" : 5,
            "28288" : 2,
            "28544" : 1,
            "28800" : 1,
            "29568" : 4,
            "30080" : 1,
            "30336" : 1,
            "30592" : 1,
            "31616" : 2,
            "34560" : 1,
            "35584" : 1,
            "36096" : 1,
            "36608" : 1,
            "37632" : 2,
            "38144" : 1,
            "39680" : 4,
            "40192" : 3,
            "41216" : 7,
            "41728" : 1,
            "42240" : 1,
            "43264" : 2,
            "44288" : 1,
            "44800" : 1,
            "45312" : 2,
            "45824" : 1,
            "46336" : 2,
            "47360" : 2,
            "47872" : 4,
            "48384" : 2,
            "48896" : 1,
            "49408" : 2,
            "49920" : 11,
            "50432" : 52,
            "50944" : 45,
            "51456" : 50,
            "51968" : 42,
            "52480" : 22,
            "52992" : 9,
            "53504" : 5,
            "54016" : 14,
            "54528" : 1,
            "55040" : 5,
            "55552" : 4,
            "56064" : 2,
            "56576" : 5,
            "57088" : 4,
            "57600" : 5,
            "58112" : 3,
            "58624" : 9,
            "59136" : 5,
            "59648" : 21,
            "60160" : 25,
            "60672" : 37,
            "61184" : 86,
            "61696" : 52,
            "62208" : 73,
            "62720" : 44,
            "63232" : 43,
            "63744" : 31,
            "64256" : 36,
            "64768" : 19,
            "65280" : 21,
            "66048" : 35,
            "67072" : 32,
            "68096" : 34,
            "69120" : 25,
            "70144" : 29,
            "71168" : 43,
            "72192" : 35,
            "73216" : 64,
            "74240" : 52,
            "75264" : 235,
            "76288" : 17895,
            "77312" : 97959,
            "78336" : 94886,
            "79360" : 122466,
            "80384" : 327153,
            "81408" : 323840,
            "82432" : 268240,
            "83456" : 249454,
            "84480" : 106139,
            "85504" : 44190,
            "86528" : 24626,
            "87552" : 15969,
            "88576" : 12899,
            "89600" : 9304,
            "90624" : 5616,
            "91648" : 3004,
            "92672" : 1936,
            "93696" : 1274,
            "94720" : 1048,
            "95744" : 1037,
            "96768" : 1019,
            "97792" : 1054,
            "98816" : 993,
            "99840" : 1678,
            "100864" : 7740,
            "101888" : 33432,
            "102912" : 92024,
            "103936" : 154230,
            "104960" : 189712,
            "105984" : 285721,
            "107008" : 417617,
            "108032" : 364026,
            "109056" : 192749,
            "110080" : 80383,
            "111104" : 42899,
            "112128" : 33559,
            "113152" : 27347,
            "114176" : 18992,
            "115200" : 10760,
            "116224" : 5848,
            "117248" : 3900,
            "118272" : 3372,
            "119296" : 2814,
            "120320" : 2240,
            "121344" : 1664,
            "122368" : 1376,
            "123392" : 1269,
            "124416" : 1139,
            "125440" : 1189,
            "126464" : 1234,
            "127488" : 1211,
            "128512" : 1253,
            "129536" : 1332,
            "130560" : 1250,
            "132096" : 2571,
            "134144" : 2004,
            "136192" : 1796,
            "138240" : 1468,
            "140288" : 1305,
            "142336" : 1858,
            "144384" : 2267,
            "146432" : 1984,
            "148480" : 1032,
            "150528" : 417,
            "152576" : 228,
            "154624" : 113,
            "156672" : 75,
            "158720" : 59,
            "160768" : 45,
            "162816" : 62,
            "164864" : 51,
            "166912" : 57,
            "168960" : 46,
            "171008" : 40,
            "173056" : 33,
            "175104" : 32,
            "177152" : 26,
            "179200" : 28,
            "181248" : 40,
            "183296" : 26,
            "185344" : 39,
            "187392" : 30,
            "189440" : 43,
            "191488" : 46,
            "193536" : 47,
            "195584" : 17,
            "197632" : 23,
            "199680" : 15,
            "201728" : 6,
            "203776" : 9,
            "205824" : 22,
            "207872" : 27,
            "209920" : 61,
            "211968" : 50,
            "214016" : 77,
            "216064" : 74,
            "218112" : 111,
            "220160" : 105,
            "222208" : 155,
            "224256" : 317,
            "226304" : 541,
            "228352" : 686,
            "230400" : 706,
            "232448" : 542,
            "234496" : 391,
            "236544" : 420,
            "238592" : 347,
            "240640" : 364,
            "242688" : 374,
            "244736" : 356,
            "246784" : 487,
            "248832" : 558,