{
  "fio version" : "fio-3.36",
  "timestamp" : 1730903947,
  "timestamp_ms" : 1730903947465,
  "time" : "Wed Nov  6 15:39:07 2024",
  "global options" : {
    "ioengine" : "libaio",
    "direct" : "1",
    "buffered" : "0",
    "time_based" : "1",
    "runtime" : "60",
    "size" : "8G",
    "group_reporting" : "1",
    "iodepth" : "4",
    "bs" : "8k",
    "rw" : "write"
  },
  "jobs" : [
    {
      "jobname" : "Test_sda",
      "groupid" : 0,
      "job_start" : 1730903887429,
      "error" : 0,
      "eta" : 0,
      "elapsed" : 61,
      "job options" : {
        "filename" : "/dev/sda"
      },
      "read" : {
        "io_bytes" : 0,
        "io_kbytes" : 0,
        "bw_bytes" : 0,
        "bw" : 0,
        "iops" : 0.000000,
        "runtime" : 0,
        "total_ios" : 0,
        "short_ios" : 0,
        "drop_ios" : 0,
        "slat_ns" : {
          "min" : 0,
          "max" : 0,
          "mean" : 0.000000,
          "stddev" : 0.000000,
          "N" : 0
        },
        "clat_ns" : {
          "min" : 0,
          "max" : 0,
          "mean" : 0.000000,
          "stddev" : 0.000000,
          "N" : 0
        },
        "lat_ns" : {
          "min" : 0,
          "max" : 0,
          "mean" : 0.000000,
          "stddev" : 0.000000,
          "N" : 0
        },
        "bw_min" : 0,
        "bw_max" : 0,
        "bw_agg" : 0.000000,
        "bw_mean" : 0.000000,
        "bw_dev" : 0.000000,
        "bw_samples" : 0,
        "iops_min" : 0,
        "iops_max" : 0,
        "iops_mean" : 0.000000,
        "iops_stddev" : 0.000000,
        "iops_samples" : 0
      },
      "write" : {
        "io_bytes" : 15868387328,
        "io_kbytes" : 15496472,
        "bw_bytes" : 264468714,
        "bw" : 258270,
        "iops" : 32283.778604,
        "runtime" : 60001,
        "total_ios" : 1937059,
        "short_ios" : 0,
        "drop_ios" : 0,
        "slat_ns" : {
          "min" : 881,
          "max" : 109145,
          "mean" : 3722.223756,
          "stddev" : 1288.601957,
          "N" : 1937059
        },
        "clat_ns" : {
          "min" : 19321,
          "max" : 33972218,
          "mean" : 119460.089718,
          "stddev" : 169195.581019,
          "N" : 1937059,
          "percentile" : {
            "1.000000" : 76288,
            "5.000000" : 78336,
            "10.000000" : 79360,
            "20.000000" : 80384,
            "30.000000" : 82432,
            "40.000000" : 83456,
            "50.000000" : 103936,
            "60.000000" : 105984,
            "70.000000" : 107008,
            "80.000000" : 108032,
            "90.000000" : 111104,
            "95.000000" : 350208,
            "99.000000" : 618496,
            "99.500000" : 684032,
            "99.900000" : 962560,
            "99.950000" : 1105920,
            "99.990000" : 2039808
          },
          "bins" : {
            "19328" : 1,
            "26496" : 1,
            "26752" : 1,
            "27008" : 1,
            "27264" : 3,
            "27520" : 1,
            "27776" : 3,
            "28032" : 2,
            "29824" : 1,
            "30336" : 2,
            "36096" : 1,
            "37632" : 1,
            "41216" : 1,
            "42240" : 1,
            "45824" : 1,
            "48384" : 2,
            "50432" : 1,
            "50944" : 1,
            "51456" : 1,
            "51968" : 5,
            "52480" : 6,
            "52992" : 1,
            "53504" : 3,
            "54528" : 1,
            "56576" : 1,
            "59648" : 2,
            "60672" : 1,
            "61184" : 1,
            "64768" : 2,
            "66048" : 1,
            "67072" : 1,
            "68096" : 1,
            "69120" : 2,
            "70144" : 1,
            "71168" : 3,
            "72192" : 1,
            "73216" : 1,
            "74240" : 11,
            "75264" : 789,
            "76288" : 29877,
            "77312" : 56294,
            "78336" : 42237,
            "79360" : 111092,
            "80384" : 190422,
            "81408" : 133545,
            "82432" : 133201,
            "83456" : 77402,
            "84480" : 32701,
            "85504" : 16411,
            "86528" : 9260,
            "87552" : 6929,
            "88576" : 5238,
            "89600" : 3256,
            "90624" : 1807,
            "91648" : 1192,
            "92672" : 901,
            "93696" : 776,
            "94720" : 712,
            "95744" : 730,
            "96768" : 748,
            "97792" : 712,
            "98816" : 707,
            "99840" : 1687,
            "100864" : 7876,
            "101888" : 25627,
            "102912" : 58594,
            "103936" : 81194,
            "104960" : 102389,
            "105984" : 168752,
            "107008" : 201520,
            "108032" : 128876,
            "109056" : 58683,
            "110080" : 31521,
            "111104" : 22310,
            "112128" : 18843,
            "113152" : 13563,
            "114176" : 7556,
            "115200" : 3839,
            "116224" : 2492,
            "117248" : 2199,
            "118272" : 1891,
            "119296" : 1452,
            "120320" : 1293,
            "121344" : 1116,
            "122368" : 1046,
            "123392" : 972,
            "124416" : 906,
            "125440" : 914,
            "126464" : 945,
            "127488" : 1006,
            "128512" : 1025,
            "129536" : 943,
            "130560" : 911,
            "132096" : 1556,
            "134144" : 1226,
            "136192" : 858,
            "138240" : 718,
            "140288" : 715,
            "142336" : 867,
            "144384" : 993,
            "146432" : 833,
            "148480" : 458,
            "150528" : 215,
            "152576" : 128,
            "154624" : 98,
            "156672" : 50,
            "158720" : 58,
            "160768" : 33,
            "162816" : 33,
            "164864" : 26,
            "166912" : 42,
            "168960" : 57,
            "171008" : 26,
            "173056" : 26,
            "175104" : 18,
            "177152" : 12,
            "179200" : 19,
            "181248" : 14,
            "183296" : 15,
            "185344" : 13,
            "187392" : 27,
            "189440" : 20,
            "191488" : 22,
            "193536" : 8,
            "195584" : 5,
            "197632" : 9,
            "199680" : 3,
            "201728" : 9,
            "203776" : 9,
            "205824" : 16,
            "207872" : 18,
            "209920" : 14,
            "211968" : 15,
            "214016" : 21,
            "216064" : 40,
            "218112" : 40,
            "220160" : 64,
            "222208" : 73,
            "224256" : 173,
            "226304" : 300,
            "228352" : 404,
            "230400" : 366,
            "232448" : 354,
            "234496" : 279,
            "236544" : 231,
            "238592" : 231,
            "240640" : 236,
            "242688" : 194,
            "244736" : 243,
            "246784" : 194,
            "248832" : 241,
            "250880" : 282,
            "252928" : 386,
            "254976" : 436,
            "257024" : 383,
            "259072" : 369,
            "261120" : 222,
            "264192" : 265,
            "268288" : 187,
            "272384" : 131,
            "276480" : 117,
            "280576" : 218,
            "284672" : 325,
            "288768" : 402,
            "292864" : 274,
            "296960" : 213,
            "301056" : 129,
            "305152" : 106,
            "309248" : 68,
            "313344" : 48,
            "317440" : 53,
            "321536" : 84,
            "325632" : 62,
            "329728" : 87,
            "333824" : 808,
            "337920" : 3651,
            "342016" : 2546,
            "346112" : 4695,
            "350208" : 4040,
            "354304" : 2296,
            "358400" : 980,
            "362496" : 3075,
            "366592" : 4570,
            "370688" : 6601,
            "374784" : 5029,
            "378880" : 4326,
            "382976" : 4554,