{
  "fio version" : "fio-3.36",
  "timestamp" : 1730903826,
  "timestamp_ms" : 1730903826871,
  "time" : "Wed Nov  6 15:37:06 2024",
  "global options" : {
    "ioengine" : "libaio",
    "direct" : "1",
    "buffered" : "0",
    "time_based" : "1",
    "runtime" : "60",
    "size" : "8G",
    "group_reporting" : "1",
    "iodepth" : "4",
    "bs" : "8k",
    "rw" : "write"
  },
  "jobs" : [
    {
      "jobname" : "Test_sda",
      "groupid" : 0,
      "job_start" : 1730903766834,
      "error" : 0,
      "eta" : 0,
      "elapsed" : 61,
      "job options" : {
        "filename" : "/dev/sda"
      },
      "read" : {
        "io_bytes" : 0,
        "io_kbytes" : 0,
        "bw_bytes" : 0,
        "bw" : 0,
        "iops" : 0.000000,
        "runtime" : 0,
        "total_ios" : 0,
        "short_ios" : 0,
        "drop_ios" : 0,
        "slat_ns" : {
          "min" : 0,
          "max" : 0,
          "mean" : 0.000000,
          "stddev" : 0.000000,
          "N" : 0
        },
        "clat_ns" : {
          "min" : 0,
          "max" : 0,
          "mean" : 0.000000,
          "stddev" : 0.000000,
          "N" : 0
        },
        "lat_ns" : {
          "min" : 0,
          "max" : 0,
          "mean" : 0.000000,
          "stddev" : 0.000000,
          "N" : 0
        },
        "bw_min" : 0,
        "bw_max" : 0,
        "bw_agg" : 0.000000,
        "bw_mean" : 0.000000,
        "bw_dev" : 0.000000,
        "bw_samples" : 0,
        "iops_min" : 0,
        "iops_max" : 0,
        "iops_mean" : 0.000000,
        "iops_stddev" : 0.000000,
        "iops_samples" : 0
      },
      "write" : {
        "io_bytes" : 15846580224,
        "io_kbytes" : 15475176,
        "bw_bytes" : 264105268,
        "bw" : 257915,
        "iops" : 32239.412676,
        "runtime" : 60001,
        "total_ios" : 1934397,
        "short_ios" : 0,
        "drop_ios" : 0,
        "slat_ns" : {
          "min" : 834,
          "max" : 73091,
          "mean" : 3755.336732,
          "stddev" : 1309.275025,
          "N" : 1934397
        },
        "clat_ns" : {
          "min" : 19378,
          "max" : 33961959,
          "mean" : 119602.495801,
          "stddev" : 171035.252434,
          "N" : 1934397,
          "percentile" : {
            "1.000000" : 76288,
            "5.000000" : 78336,
            "10.000000" : 79360,
            "20.000000" : 80384,
            "30.000000" : 82432,
            "40.000000" : 83456,
            "50.000000" : 103936,
            "60.000000" : 105984,
            "70.000000" : 107008,
            "80.000000" : 108032,
            "90.000000" : 112128,
            "95.000000" : 350208,
            "99.000000" : 618496,
            "99.500000" : 684032,
            "99.900000" : 970752,
            "99.950000" : 1105920,
            "99.990000" : 2506752
          },
          "bins" : {
            "19328" : 1,
            "24448" : 1,
            "24960" : 1,
            "26752" : 1,
            "27008" : 1,
            "27264" : 1,
            "27520" : 1,
            "27776" : 4,
            "28032" : 2,
            "28288" : 4,
            "28544" : 1,
            "29056" : 1,
            "29312" : 2,
            "30336" : 1,
            "39168" : 1,
            "41728" : 1,
            "47360" : 1,
            "47872" : 1,
            "48384" : 2,
            "48896" : 1,
            "49408" : 1,
            "49920" : 2,
            "50432" : 14,
            "50944" : 39,
            "51456" : 28,
            "51968" : 19,
            "52480" : 9,
            "52992" : 4,
            "54016" : 2,
            "55040" : 2,
            "55552" : 1,
            "56064" : 2,
            "56576" : 2,
            "57600" : 2,
            "58112" : 3,
            "58624" : 1,
            "59136" : 1,
            "60672" : 3,
            "61184" : 1,
            "61696" : 3,
            "62208" : 2,
            "62720" : 1,
            "64768" : 1,
            "65280" : 1,
            "68096" : 1,
            "70144" : 1,
            "71168" : 2,
            "72192" : 1,
            "73216" : 1,
            "74240" : 12,
            "75264" : 596,
            "76288" : 26863,
            "77312" : 56308,
            "78336" : 41794,
            "79360" : 102342,
            "80384" : 191512,
            "81408" : 135882,
            "82432" : 135065,
            "83456" : 89821,
            "84480" : 38248,
            "85504" : 18657,
            "86528" : 10364,
            "87552" : 7407,
            "88576" : 6224,
            "89600" : 4032,
            "90624" : 2331,
            "91648" : 1466,
            "92672" : 1147,
            "93696" : 1031,
            "94720" : 877,
            "95744" : 998,
            "96768" : 977,
            "97792" : 997,
            "98816" : 983,
            "99840" : 1946,
            "100864" : 7418,
            "101888" : 22994,
            "102912" : 52311,
            "103936" : 73196,
            "104960" : 92988,
            "105984" : 151534,
            "107008" : 184438,
            "108032" : 126321,
            "109056" : 66967,
            "110080" : 39709,
            "111104" : 29008,
            "112128" : 23740,
            "113152" : 17448,
            "114176" : 9741,
            "115200" : 5140,
            "116224" : 3328,
            "117248" : 2703,
            "118272" : 2451,
            "119296" : 2034,
            "120320" : 1635,
            "121344" : 1513,
            "122368" : 1286,
            "123392" : 1252,
            "124416" : 1223,
            "125440" : 1282,
            "126464" : 1263,
            "127488" : 1239,
            "128512" : 1358,
            "129536" : 1239,
            "130560" : 1189,
            "132096" : 1981,
            "134144" : 1504,
            "136192" : 990,
            "138240" : 713,
            "140288" : 664,
            "142336" : 850,
            "144384" : 1032,
            "146432" : 793,
            "148480" : 446,
            "150528" : 266,
            "152576" : 238,
            "154624" : 89,
            "156672" : 66,
            "158720" : 58,
            "160768" : 49,
            "162816" : 49,
            "164864" : 23,
            "166912" : 31,
            "168960" : 38,
            "171008" : 38,
            "173056" : 37,
            "175104" : 12,
            "177152" : 14,
            "179200" : 16,
            "181248" : 17,
            "183296" : 5,
            "185344" : 15,
            "187392" : 19,
            "189440" : 9,
            "191488" : 20,
            "193536" : 7,
            "195584" : 10,
            "197632" : 2,
            "199680" : 9,
            "201728" : 4,
            "203776" : 18,
            "205824" : 6,
            "207872" : 14,
            "209920" : 28,
            "211968" : 29,
            "214016" : 29,
            "216064" : 41,
            "218112" : 52,
            "220160" : 48,
            "222208" : 83,
            "224256" : 157,
            "226304" : 267,
            "228352" : 360,
            "230400" : 362,
            "232448" : 287,
            "234496" : 267,
            "236544" : 200,
            "238592" : 200,
            "240640" : 192,
            "242688" : 186,
            "244736" : 207,
            "246784" : 246,
            "248832" : 273,
            "250880" : 290,
            "252928" : 388,
            "254976" : 360,
            "257024" : 316,
            "259072" : 318,
            "261120" : 203,
            "264192" : 319,
            "268288" : 230,
            "272384" : 192,
            "276480" : 107,
            "280576" : 163,
            "284672" : 294,
            "288768" : 351,
            "292864" : 303,
            "296960" : 233,
            "301056" : 202,
            "305152" : 137,
            "309248" : 87,
            "313344" : 63,
            "317440" : 64,
            "321536" : 66,
            "325632" : 65,
            "329728" : 95,
            "333824" : 615,
            "337920" : 2655,