{
  "fio version" : "fio-3.36",
  "timestamp" : 1730905153,
  "timestamp_ms" : 1730905153441,
  "time" : "Wed Nov  6 15:59:13 2024",
  "global options" : {
    "ioengine" : "libaio",
    "direct" : "1",
    "buffered" : "0",
    "time_based" : "1",
    "runtime" : "60",
    "size" : "8G",
    "group_reporting" : "1",
    "iodepth" : "4",
    "bs" : "8k",
    "rw" : "write"
  },
  "jobs" : [
    {
      "jobname" : "Test_sda",
      "groupid" : 0,
      "job_start" : 1730905093402,
      "error" : 0,
      "eta" : 0,
      "elapsed" : 61,
      "job options" : {
        "filename" : "/dev/sdb"
      },
      "read" : {
        "io_bytes" : 0,
        "io_kbytes" : 0,
        "bw_bytes" : 0,
        "bw" : 0,
        "iops" : 0.000000,
        "runtime" : 0,
        "total_ios" : 0,
        "short_ios" : 0,
        "drop_ios" : 0,
        "slat_ns" : {
          "min" : 0,
          "max" : 0,
          "mean" : 0.000000,
          "stddev" : 0.000000,
          "N" : 0
        },
        "clat_ns" : {
          "min" : 0,
          "max" : 0,
          "mean" : 0.000000,
          "stddev" : 0.000000,
          "N" : 0
        },
        "lat_ns" : {
          "min" : 0,
          "max" : 0,
          "mean" : 0.000000,
          "stddev" : 0.000000,
          "N" : 0
        },
        "bw_min" : 0,
        "bw_max" : 0,
        "bw_agg" : 0.000000,
        "bw_mean" : 0.000000,
        "bw_dev" : 0.000000,
        "bw_samples" : 0,
        "iops_min" : 0,
        "iops_max" : 0,
        "iops_mean" : 0.000000,
        "iops_stddev" : 0.000000,
        "iops_samples" : 0
      },
      "write" : {
        "io_bytes" : 31958278144,
        "io_kbytes" : 31209256,
        "bw_bytes" : 532629091,
        "bw" : 520145,
        "iops" : 65018.199697,
        "runtime" : 60001,
        "total_ios" : 3901157,
        "short_ios" : 0,
        "drop_ios" : 0,
        "slat_ns" : {
          "min" : 687,
          "max" : 177029,
          "mean" : 3744.739562,
          "stddev" : 1349.453311,
          "N" : 3901157
        },
        "clat_ns" : {
          "min" : 24389,
          "max" : 74561242,
          "mean" : 118575.602095,
          "stddev" : 180745.327573,
          "N" : 3901157,
          "percentile" : {
            "1.000000" : 77312,
            "5.000000" : 78336,
            "10.000000" : 80384,
            "20.000000" : 81408,
            "30.000000" : 82432,
            "40.000000" : 84480,
            "50.000000" : 103936,
            "60.000000" : 105984,
            "70.000000" : 107008,
            "80.000000" : 108032,
            "90.000000" : 111104,
            "95.000000" : 276480,
            "99.000000" : 610304,
            "99.500000" : 675840,
            "99.900000" : 1003520,
            "99.950000" : 1122304,
            "99.990000" : 4751360
          },
          "bins" : {
            "24448" : 1,
            "26752" : 2,
            "27008" : 4,
            "27264" : 6,
            "27520" : 6,
            "27776" : 6,
            "28032" : 2,
            "28288" : 10,
            "28544" : 4,
            "28800" : 3,
            "29056" : 5,
            "29312" : 1,
            "29568" : 2,
            "30080" : 1,
            "31104" : 2,
            "32128" : 2,
            "32640" : 2,
            "33536" : 1,
            "35584" : 1,
            "38656" : 1,
            "39168" : 1,
            "39680" : 2,
            "40192" : 3,
            "40704" : 3,
            "41216" : 1,
            "41728" : 3,
            "42240" : 3,
            "43264" : 1,
            "43776" : 1,
            "44800" : 1,
            "45312" : 1,
            "45824" : 2,
            "46336" : 2,
            "46848" : 2,
            "47360" : 7,
            "47872" : 10,
            "48384" : 5,
            "48896" : 14,
            "49408" : 11,
            "49920" : 11,
            "50432" : 56,
            "50944" : 97,
            "51456" : 93,
            "51968" : 78,
            "52480" : 55,
            "52992" : 34,
            "53504" : 19,
            "54016" : 20,
            "54528" : 9,
            "55040" : 12,
            "55552" : 4,
            "56064" : 7,
            "56576" : 8,
            "57088" : 10,
            "57600" : 10,
            "58112" : 12,
            "58624" : 12,
            "59136" : 15,
            "59648" : 13,
            "60160" : 17,
            "60672" : 12,
            "61184" : 11,
            "61696" : 12,
            "62208" : 19,
            "62720" : 17,
            "63232" : 15,
            "63744" : 17,
            "64256" : 21,
            "64768" : 26,
            "65280" : 33,
            "66048" : 44,
            "67072" : 40,
            "68096" : 79,
            "69120" : 75,
            "70144" : 64,
            "71168" : 66,
            "72192" : 64,
            "73216" : 52,
            "74240" : 51,
            "75264" : 144,
            "76288" : 12801,
            "77312" : 89329,
            "78336" : 97378,
            "79360" : 112847,
            "80384" : 307722,
            "81408" : 335501,
            "82432" : 273019,
            "83456" : 269581,
            "84480" : 130393,
            "85504" : 54672,
            "86528" : 27709,
            "87552" : 17041,
            "88576" : 13368,
            "89600" : 10429,
            "90624" : 6582,
            "91648" : 4054,
            "92672" : 2220,
            "93696" : 1506,
            "94720" : 1219,
            "95744" : 1038,
            "96768" : 1020,
            "97792" : 1020,
            "98816" : 1000,
            "99840" : 1410,
            "100864" : 6189,
            "101888" : 27646,
            "102912" : 79009,
            "103936" : 138096,
            "104960" : 174333,
            "105984" : 258042,
            "107008" : 379465,
            "108032" : 353960,
            "109056" : 202527,
            "110080" : 87144,
            "111104" : 43747,
            "112128" : 31363,
            "113152" : 25535,
            "114176" : 18662,
            "115200" : 11339,
            "116224" : 6702,
            "117248" : 4409,
            "118272" : 3500,
            "119296" : 2791,
            "120320" : 2054,
            "121344" : 1647,
            "122368" : 1388,
            "123392" : 1229,
            "124416" : 1096,
            "125440" : 1111,
            "126464" : 1091,
            "127488" : 1170,
            "128512" : 1145,
            "129536" : 1264,
            "130560" : 1153,
            "132096" : 2290,
            "134144" : 1921,
            "136192" : 1744,
            "138240" : 1517,
            "140288" : 1347,
            "142336" : 1787,
            "144384" : 2167,
            "146432" : 1915,
            "148480" : 1131,
            "150528" : 414,
            "152576" : 231,
            "154624" : 144,
            "156672" : 62,
            "158720" : 53,
            "160768" : 36,
            "162816" : 56,
            "164864" : 52,
            "166912" : 76,
            "168960" : 56,
            "171008" : 47,
            "173056" : 36,
            "175104" : 19,
            "177152" : 28,
            "179200" : 27,
            "181248" : 23,
            "183296" : 13,
            "185344" : 34,
            "187392" : 21,
            "189440" : 22,
            "191488" : 21,
            "193536" : 24,
            "195584" : 14,
            "197632" : 25,
            "199680" : 66,
            "201728" : 91,
            "203776" : 151,
            "205824" : 255,
            "207872" : 398,
            "209920" : 564,
            "211968" : 738,
            "214016" : 876,
            "216064" : 953,
            "218112" : 1103,
            "220160" : 1047,
            "222208" : 1119,
            "224256" : 1248,
            "226304" : 1356,
            "228352" : 1372,
            "230400" : 1361,
            "232448" : 1050,
            "234496" : 805,
            "236544" : 712,
            "238592" : 726,
            "240640" : 759,