{
  "fio version" : "fio-3.36",
  "timestamp" : 1730903465,
  "timestamp_ms" : 1730903465069,
  "time" : "Wed Nov  6 15:31:05 2024",
  "global options" : {
    "ioengine" : "libaio",
    "direct" : "1",
    "buffered" : "0",
    "time_based" : "1",
    "runtime" : "60",
    "size" : "8G",
    "group_reporting" : "1",
    "iodepth" : "4",
    "bs" : "8k",
    "rw" : "write"
  },
  "jobs" : [
    {
      "jobname" : "Test_sda",
      "groupid" : 0,
      "job_start" : 1730903405041,
      "error" : 0,
      "eta" : 0,
      "elapsed" : 61,
      "job options" : {
        "filename" : "/dev/sda"
      },
      "read" : {
        "io_bytes" : 0,
        "io_kbytes" : 0,
        "bw_bytes" : 0,
        "bw" : 0,
        "iops" : 0.000000,
        "runtime" : 0,
        "total_ios" : 0,
        "short_ios" : 0,
        "drop_ios" : 0,
        "slat_ns" : {
          "min" : 0,
          "max" : 0,
          "mean" : 0.000000,
          "stddev" : 0.000000,
          "N" : 0
        },
        "clat_ns" : {
          "min" : 0,
          "max" : 0,
          "mean" : 0.000000,
          "stddev" : 0.000000,
          "N" : 0
        },
        "lat_ns" : {
          "min" : 0,
          "max" : 0,
          "mean" : 0.000000,
          "stddev" : 0.000000,
          "N" : 0
        },
        "bw_min" : 0,
        "bw_max" : 0,
        "bw_agg" : 0.000000,
        "bw_mean" : 0.000000,
        "bw_dev" : 0.000000,
        "bw_samples" : 0,
        "iops_min" : 0,
        "iops_max" : 0,
        "iops_mean" : 0.000000,
        "iops_stddev" : 0.000000,
        "iops_samples" : 0
      },
      "write" : {
        "io_bytes" : 15893807104,
        "io_kbytes" : 15521296,
        "bw_bytes" : 264892370,
        "bw" : 258683,
        "iops" : 32335.494408,
        "runtime" : 60001,
        "total_ios" : 1940162,
        "short_ios" : 0,
        "drop_ios" : 0,
        "slat_ns" : {
          "min" : 892,
          "max" : 167599,
          "mean" : 3757.896853,
          "stddev" : 1293.685463,
          "N" : 1940162
        },
        "clat_ns" : {
          "min" : 27027,
          "max" : 26020110,
          "mean" : 119223.214466,
          "stddev" : 154758.254930,
          "N" : 1940162,
          "percentile" : {
            "1.000000" : 77312,
            "5.000000" : 78336,
            "10.000000" : 80384,
            "20.000000" : 81408,
            "30.000000" : 82432,
            "40.000000" : 84480,
            "50.000000" : 103936,
            "60.000000" : 105984,
            "70.000000" : 107008,
            "80.000000" : 109056,
            "90.000000" : 112128,
            "95.000000" : 350208,
            "99.000000" : 618496,
            "99.500000" : 684032,
            "99.900000" : 962560,
            "99.950000" : 1105920,
            "99.990000" : 1925120
          },
          "bins" : {
            "27008" : 1,
            "27264" : 2,
            "27776" : 2,
            "28032" : 1,
            "28288" : 3,
            "28544" : 2,
            "28800" : 1,
            "29312" : 1,
            "30080" : 1,
            "30336" : 1,
            "31872" : 1,
            "32640" : 1,
            "34560" : 1,
            "36096" : 1,
            "41728" : 1,
            "45312" : 1,
            "46848" : 1,
            "47872" : 1,
            "49408" : 1,
            "51968" : 1,
            "52480" : 4,
            "52992" : 1,
            "53504" : 4,
            "54016" : 2,
            "54528" : 3,
            "55040" : 1,
            "55552" : 1,
            "56064" : 1,
            "57088" : 1,
            "60160" : 1,
            "61184" : 1,
            "63232" : 1,
            "66048" : 1,
            "67072" : 1,
            "68096" : 2,
            "71168" : 1,
            "73216" : 1,
            "74240" : 1,
            "75264" : 51,
            "76288" : 5573,
            "77312" : 46809,
            "78336" : 51015,
            "79360" : 54088,
            "80384" : 160167,
            "81408" : 174863,
            "82432" : 131966,
            "83456" : 127789,
            "84480" : 59795,
            "85504" : 25021,
            "86528" : 13359,
            "87552" : 8586,
            "88576" : 7028,
            "89600" : 5488,
            "90624" : 3469,
            "91648" : 2132,
            "92672" : 1293,
            "93696" : 824,
            "94720" : 829,
            "95744" : 743,
            "96768" : 626,
            "97792" : 736,
            "98816" : 671,
            "99840" : 823,
            "100864" : 2610,
            "101888" : 10912,
            "102912" : 32323,
            "103936" : 63351,
            "104960" : 81580,
            "105984" : 113964,
            "107008" : 179489,
            "108032" : 179668,
            "109056" : 107683,
            "110080" : 51075,
            "111104" : 28817,
            "112128" : 20928,
            "113152" : 17172,
            "114176" : 12383,
            "115200" : 7578,
            "116224" : 4031,
            "117248" : 2643,
            "118272" : 2130,
            "119296" : 1917,
            "120320" : 1350,
            "121344" : 1219,
            "122368" : 1012,
            "123392" : 947,
            "124416" : 916,
            "125440" : 881,
            "126464" : 917,
            "127488" : 938,
            "128512" : 939,
            "129536" : 965,
            "130560" : 861,
            "132096" : 1537,
            "134144" : 1222,
            "136192" : 901,
            "138240" : 786,
            "140288" : 691,
            "142336" : 873,
            "144384" : 1101,
            "146432" : 994,
            "148480" : 590,
            "150528" : 289,
            "152576" : 158,
            "154624" : 87,
            "156672" : 61,
            "158720" : 47,
            "160768" : 45,
            "162816" : 23,
            "164864" : 31,
            "166912" : 26,
            "168960" : 33,
            "171008" : 35,
            "173056" : 12,
            "175104" : 25,
            "177152" : 14,
            "179200" : 19,
            "181248" : 13,
            "183296" : 5,
            "185344" : 14,
            "187392" : 17,
            "189440" : 13,
            "191488" : 19,
            "193536" : 11,
            "195584" : 12,
            "197632" : 8,
            "199680" : 8,
            "201728" : 4,
            "203776" : 14,
            "205824" : 10,
            "207872" : 8,
            "209920" : 11,
            "211968" : 27,
            "214016" : 20,
            "216064" : 44,
            "218112" : 46,
            "220160" : 36,
            "222208" : 73,
            "224256" : 115,
            "226304" : 249,
            "228352" : 345,
            "230400" : 357,
            "232448" : 361,
            "234496" : 269,
            "236544" : 208,
            "238592" : 207,
            "240640" : 222,
            "242688" : 191,
            "244736" : 194,
            "246784" : 225,
            "248832" : 263,
            "250880" : 290,
            "252928" : 380,
            "254976" : 392,
            "257024" : 385,
            "259072" : 320,
            "261120" : 274,
            "264192" : 276,
            "268288" : 226,
            "272384" : 134,
            "276480" : 101,
            "280576" : 158,
            "284672" : 284,
            "288768" : 384,
            "292864" : 345,
            "296960" : 206,
            "301056" : 130,
            "305152" : 84,
            "309248" : 86,
            "313344" : 50,
            "317440" : 71,
            "321536" : 85,
            "325632" : 66,
            "329728" : 80,
            "333824" : 364,
            "337920" : 1868,
            "342016" : 1768,
            "346112" : 4063,
            "350208" : 4474,
            "354304" : 2438,
            "358400" : 757,
            "362496" : 2409,
            "366592" : 4686,
            "370688" : 6630,
            "374784" : 4902,
            "378880" : 4758,
            "382976" : 4044,