{
  "fio version" : "fio-3.36",
  "timestamp" : 1730905394,
  "timestamp_ms" : 1730905394650,
  "time" : "Wed Nov  6 16:03:14 2024",
  "global options" : {
    "ioengine" : "libaio",
    "direct" : "1",
    "buffered" : "0",
    "time_based" : "1",
    "runtime" : "60",
    "size" : "8G",
    "group_reporting" : "1",
    "iodepth" : "4",
    "bs" : "8k",
    "rw" : "write"
  },
  "jobs" : [
    {
      "jobname" : "Test_sda",
      "groupid" : 0,
      "job_start" : 1730905334621,
      "error" : 0,
      "eta" : 0,
      "elapsed" : 61,
      "job options" : {
        "filename" : "/dev/sdb"
      },
      "read" : {
        "io_bytes" : 0,
        "io_kbytes" : 0,
        "bw_bytes" : 0,
        "bw" : 0,
        "iops" : 0.000000,
        "runtime" : 0,
        "total_ios" : 0,
        "short_ios" : 0,
        "drop_ios" : 0,
        "slat_ns" : {
          "min" : 0,
          "max" : 0,
          "mean" : 0.000000,
          "stddev" : 0.000000,
          "N" : 0
        },
        "clat_ns" : {
          "min" : 0,
          "max" : 0,
          "mean" : 0.000000,
          "stddev" : 0.000000,
          "N" : 0
        },
        "lat_ns" : {
          "min" : 0,
          "max" : 0,
          "mean" : 0.000000,
          "stddev" : 0.000000,
          "N" : 0
        },
        "bw_min" : 0,
        "bw_max" : 0,
        "bw_agg" : 0.000000,
        "bw_mean" : 0.000000,
        "bw_dev" : 0.000000,
        "bw_samples" : 0,
        "iops_min" : 0,
        "iops_max" : 0,
        "iops_mean" : 0.000000,
        "iops_stddev" : 0.000000,
        "iops_samples" : 0
      },
      "write" : {
        "io_bytes" : 32036462592,
        "io_kbytes" : 31285608,
        "bw_bytes" : 533932144,
        "bw" : 521418,
        "iops" : 65177.263712,
        "runtime" : 60001,
        "total_ios" : 3910701,
        "short_ios" : 0,
        "drop_ios" : 0,
        "slat_ns" : {
          "min" : 857,
          "max" : 173862,
          "mean" : 3749.361926,
          "stddev" : 1348.126384,
          "N" : 3910701
        },
        "clat_ns" : {
          "min" : 19467,
          "max" : 42209644,
          "mean" : 118273.696229,
          "stddev" : 167083.108910,
          "N" : 3910701,
          "percentile" : {
            "1.000000" : 77312,
            "5.000000" : 79360,
            "10.000000" : 80384,
            "20.000000" : 81408,
            "30.000000" : 83456,
            "40.000000" : 84480,
            "50.000000" : 103936,
            "60.000000" : 105984,
            "70.000000" : 107008,
            "80.000000" : 108032,
            "90.000000" : 111104,
            "95.000000" : 264192,
            "99.000000" : 610304,
            "99.500000" : 675840,
            "99.900000" : 995328,
            "99.950000" : 1122304,
            "99.990000" : 2277376
          },
          "bins" : {
            "19584" : 2,
            "20096" : 1,
            "26752" : 1,
            "27008" : 2,
            "27264" : 6,
            "27520" : 7,
            "27776" : 6,
            "28032" : 9,
            "28288" : 2,
            "28544" : 6,
            "28800" : 3,
            "29056" : 3,
            "29312" : 1,
            "29568" : 1,
            "30336" : 1,
            "30848" : 1,
            "31360" : 1,
            "31872" : 1,
            "32384" : 1,
            "37120" : 1,
            "37632" : 1,
            "38144" : 1,
            "38656" : 1,
            "39168" : 2,
            "39680" : 1,
            "40192" : 3,
            "40704" : 2,
            "41216" : 2,
            "41728" : 1,
            "42752" : 1,
            "43264" : 2,
            "43776" : 2,
            "44288" : 4,
            "44800" : 2,
            "45312" : 1,
            "45824" : 1,
            "46336" : 2,
            "46848" : 8,
            "47360" : 7,
            "47872" : 2,
            "48384" : 1,
            "48896" : 2,
            "49408" : 1,
            "49920" : 23,
            "50432" : 68,
            "50944" : 112,
            "51456" : 72,
            "51968" : 61,
            "52480" : 30,
            "52992" : 17,
            "53504" : 14,
            "54016" : 5,
            "54528" : 9,
            "55040" : 8,
            "55552" : 7,
            "56064" : 4,
            "56576" : 7,
            "57088" : 10,
            "57600" : 8,
            "58112" : 7,
            "58624" : 4,
            "59136" : 6,
            "59648" : 8,
            "60160" : 9,
            "60672" : 4,
            "61184" : 8,
            "61696" : 3,
            "62208" : 10,
            "62720" : 8,
            "63232" : 6,
            "63744" : 9,
            "64256" : 4,
            "64768" : 7,
            "65280" : 10,
            "66048" : 24,
            "67072" : 16,
            "68096" : 21,
            "69120" : 13,
            "70144" : 22,
            "71168" : 20,
            "72192" : 13,
            "73216" : 24,
            "74240" : 17,
            "75264" : 101,
            "76288" : 9159,
            "77312" : 77990,
            "78336" : 98407,
            "79360" : 103509,
            "80384" : 267157,
            "81408" : 340430,
            "82432" : 274914,
            "83456" : 277193,
            "84480" : 152075,
            "85504" : 67418,
            "86528" : 33042,
            "87552" : 19794,
            "88576" : 14400,
            "89600" : 11624,
            "90624" : 7754,
            "91648" : 4532,
            "92672" : 2634,
            "93696" : 1701,
            "94720" : 1214,
            "95744" : 1065,
            "96768" : 939,
            "97792" : 975,
            "98816" : 966,
            "99840" : 1195,
            "100864" : 4947,
            "101888" : 23372,
            "102912" : 69630,
            "103936" : 128996,
            "104960" : 166324,
            "105984" : 237385,
            "107008" : 359670,
            "108032" : 367424,
            "109056" : 238068,
            "110080" : 111120,
            "111104" : 51839,
            "112128" : 34322,
            "113152" : 27736,
            "114176" : 20968,
            "115200" : 13582,
            "116224" : 8419,
            "117248" : 5246,
            "118272" : 3729,
            "119296" : 2980,
            "120320" : 2321,
            "121344" : 1866,
            "122368" : 1477,
            "123392" : 1193,
            "124416" : 1130,
            "125440" : 1096,
            "126464" : 1153,
            "127488" : 1108,
            "128512" : 1157,
            "129536" : 1199,
            "130560" : 1248,
            "132096" : 2251,
            "134144" : 2099,
            "136192" : 1696,
            "138240" : 1447,
            "140288" : 1330,
            "142336" : 1628,
            "144384" : 2047,
            "146432" : 1886,
            "148480" : 1128,
            "150528" : 468,
            "152576" : 234,
            "154624" : 167,
            "156672" : 110,
            "158720" : 74,
            "160768" : 53,
            "162816" : 39,
            "164864" : 45,
            "166912" : 56,
            "168960" : 60,
            "171008" : 57,
            "173056" : 34,
            "175104" : 28,
            "177152" : 22,
            "179200" : 30,
            "181248" : 24,
            "183296" : 19,
            "185344" : 28,
            "187392" : 28,
            "189440" : 38,
            "191488" : 49,
            "193536" : 56,
            "195584" : 71,
            "197632" : 65,
            "199680" : 92,
            "201728" : 142,
            "203776" : 236,
            "205824" : 366,
            "207872" : 526,
            "209920" : 710,
            "211968" : 834,
            "214016" : 934,
            "216064" : 962,
            "218112" : 996,
            "220160" : 906,
            "222208" : 819,
            "224256" : 879,
            "226304" : 1026,
            "228352" : 1210,
            "230400" : 1227,
            "232448" : 1189,
            "234496" : 1038,