{
  "fio version" : "fio-3.36",
  "timestamp" : 1730904309,
  "timestamp_ms" : 1730904309263,
  "time" : "Wed Nov  6 15:45:09 2024",
  "global options" : {
    "ioengine" : "libaio",
    "direct" : "1",
    "buffered" : "0",
    "time_based" : "1",
    "runtime" : "60",
    "size" : "8G",
    "group_reporting" : "1",
    "iodepth" : "4",
    "bs" : "8k",
    "rw" : "write"
  },
  "jobs" : [
    {
      "jobname" : "Test_sda",
      "groupid" : 0,
      "job_start" : 1730904249227,
      "error" : 0,
      "eta" : 0,
      "elapsed" : 61,
      "job options" : {
        "filename" : "/dev/sda"
      },
      "read" : {
        "io_bytes" : 0,
        "io_kbytes" : 0,
        "bw_bytes" : 0,
        "bw" : 0,
        "iops" : 0.000000,
        "runtime" : 0,
        "total_ios" : 0,
        "short_ios" : 0,
        "drop_ios" : 0,
        "slat_ns" : {
          "min" : 0,
          "max" : 0,
          "mean" : 0.000000,
          "stddev" : 0.000000,
          "N" : 0
        },
        "clat_ns" : {
          "min" : 0,
          "max" : 0,
          "mean" : 0.000000,
          "stddev" : 0.000000,
          "N" : 0
        },
        "lat_ns" : {
          "min" : 0,
          "max" : 0,
          "mean" : 0.000000,
          "stddev" : 0.000000,
          "N" : 0
        },
        "bw_min" : 0,
        "bw_max" : 0,
        "bw_agg" : 0.000000,
        "bw_mean" : 0.000000,
        "bw_dev" : 0.000000,
        "bw_samples" : 0,
        "iops_min" : 0,
        "iops_max" : 0,
        "iops_mean" : 0.000000,
        "iops_stddev" : 0.000000,
        "iops_samples" : 0
      },
      "write" : {
        "io_bytes" : 15871959040,
        "io_kbytes" : 15499960,
        "bw_bytes" : 264528241,
        "bw" : 258328,
        "iops" : 32291.045149,
        "runtime" : 60001,
        "total_ios" : 1937495,
        "short_ios" : 0,
        "drop_ios" : 0,
        "slat_ns" : {
          "min" : 883,
          "max" : 78432,
          "mean" : 3751.677065,
          "stddev" : 1286.174982,
          "N" : 1937495
        },
        "clat_ns" : {
          "min" : 24976,
          "max" : 25833828,
          "mean" : 119398.162525,
          "stddev" : 158779.976623,
          "N" : 1937495,
          "percentile" : {
            "1.000000" : 76288,
            "5.000000" : 78336,
            "10.000000" : 79360,
            "20.000000" : 80384,
            "30.000000" : 82432,
            "40.000000" : 84480,
            "50.000000" : 103936,
            "60.000000" : 105984,
            "70.000000" : 107008,
            "80.000000" : 108032,
            "90.000000" : 112128,
            "95.000000" : 350208,
            "99.000000" : 618496,
            "99.500000" : 684032,
            "99.900000" : 970752,
            "99.950000" : 1105920,
            "99.990000" : 2072576
          },
          "bins" : {
            "24960" : 1,
            "27008" : 2,
            "27520" : 1,
            "27776" : 1,
            "28032" : 4,
            "28288" : 3,
            "29056" : 1,
            "32128" : 1,
            "35072" : 1,
            "37120" : 1,
            "38656" : 1,
            "42240" : 1,
            "44288" : 1,
            "44800" : 1,
            "46848" : 1,
            "47360" : 2,
            "47872" : 1,
            "49920" : 1,
            "50432" : 19,
            "50944" : 24,
            "51456" : 25,
            "51968" : 10,
            "52480" : 8,
            "52992" : 2,
            "54528" : 1,
            "56064" : 3,
            "57088" : 3,
            "60160" : 2,
            "61184" : 1,
            "62208" : 1,
            "62720" : 2,
            "70144" : 2,
            "73216" : 5,
            "74240" : 15,
            "75264" : 504,
            "76288" : 24028,
            "77312" : 56987,
            "78336" : 42619,
            "79360" : 100059,
            "80384" : 191546,
            "81408" : 136436,
            "82432" : 131983,
            "83456" : 86594,
            "84480" : 35683,
            "85504" : 17521,
            "86528" : 9992,
            "87552" : 7123,
            "88576" : 5769,
            "89600" : 3579,
            "90624" : 2256,
            "91648" : 1326,
            "92672" : 959,
            "93696" : 672,
            "94720" : 642,
            "95744" : 632,
            "96768" : 617,
            "97792" : 654,
            "98816" : 736,
            "99840" : 1557,
            "100864" : 6958,
            "101888" : 23303,
            "102912" : 54759,
            "103936" : 78788,
            "104960" : 98650,
            "105984" : 162390,
            "107008" : 197580,
            "108032" : 131896,
            "109056" : 64009,
            "110080" : 35108,
            "111104" : 25454,
            "112128" : 20524,
            "113152" : 15373,
            "114176" : 9049,
            "115200" : 4754,
            "116224" : 3013,
            "117248" : 2285,
            "118272" : 2134,
            "119296" : 1724,
            "120320" : 1404,
            "121344" : 1217,
            "122368" : 1077,
            "123392" : 971,
            "124416" : 1007,
            "125440" : 952,
            "126464" : 946,
            "127488" : 1070,
            "128512" : 916,
            "129536" : 982,
            "130560" : 959,
            "132096" : 1562,
            "134144" : 1265,
            "136192" : 1032,
            "138240" : 682,
            "140288" : 812,
            "142336" : 924,
            "144384" : 1098,
            "146432" : 791,
            "148480" : 375,
            "150528" : 262,
            "152576" : 188,
            "154624" : 82,
            "156672" : 71,
            "158720" : 68,
            "160768" : 52,
            "162816" : 31,
            "164864" : 45,
            "166912" : 38,
            "168960" : 27,
            "171008" : 31,
            "173056" : 6,
            "175104" : 27,
            "177152" : 11,
            "179200" : 8,
            "181248" : 2,
            "183296" : 11,
            "185344" : 5,
            "187392" : 13,
            "189440" : 13,
            "191488" : 19,
            "193536" : 15,
            "195584" : 6,
            "197632" : 9,
            "199680" : 17,
            "201728" : 10,
            "203776" : 17,
            "205824" : 12,
            "207872" : 30,
            "209920" : 14,
            "211968" : 24,
            "214016" : 18,
            "216064" : 28,
            "218112" : 42,
            "220160" : 39,
            "222208" : 64,
            "224256" : 162,
            "226304" : 283,
            "228352" : 351,
            "230400" : 394,
            "232448" : 327,
            "234496" : 250,
            "236544" : 207,
            "238592" : 207,
            "240640" : 223,
            "242688" : 201,
            "244736" : 249,
            "246784" : 219,
            "248832" : 279,
            "250880" : 290,
            "252928" : 375,
            "254976" : 357,
            "257024" : 368,
            "259072" : 341,
            "261120" : 237,
            "264192" : 278,
            "268288" : 176,
            "272384" : 163,
            "276480" : 86,
            "280576" : 207,
            "284672" : 365,
            "288768" : 345,
            "292864" : 371,
            "296960" : 212,
            "301056" : 133,
            "305152" : 113,
            "309248" : 72,
            "313344" : 60,
            "317440" : 90,
            "321536" : 99,
            "325632" : 70,
            "329728" : 63,
            "333824" : 618,
            "337920" : 2623,
            "342016" : 2185,
            "346112" : 4610,
            "350208" : 4192,
            "354304" : 2200,
            "358400" : 1000,
            "362496" : 3301,
            "366592" : 4359,
            "370688" : 7003,
            "374784" : 5088,
            "378880" : 4507,
            "382976" : 4593,
            "387072" : 2115,
            "391168" : 921,
            "395264" : 379,