{
  "fio version" : "fio-3.36",
  "timestamp" : 1730906118,
  "timestamp_ms" : 1730906118282,
  "time" : "Wed Nov  6 16:15:18 2024",
  "global options" : {
    "ioengine" : "libaio",
    "direct" : "1",
    "buffered" : "0",
    "time_based" : "1",
    "runtime" : "60",
    "size" : "8G",
    "group_reporting" : "1",
    "iodepth" : "4",
    "bs" : "8k",
    "rw" : "write"
  },
  "jobs" : [
    {
      "jobname" : "Test_sda",
      "groupid" : 0,
      "job_start" : 1730906058252,
      "error" : 0,
      "eta" : 0,
      "elapsed" : 61,
      "job options" : {
        "filename" : "/dev/sdb"
      },
      "read" : {
        "io_bytes" : 0,
        "io_kbytes" : 0,
        "bw_bytes" : 0,
        "bw" : 0,
        "iops" : 0.000000,
        "runtime" : 0,
        "total_ios" : 0,
        "short_ios" : 0,
        "drop_ios" : 0,
        "slat_ns" : {
          "min" : 0,
          "max" : 0,
          "mean" : 0.000000,
          "stddev" : 0.000000,
          "N" : 0
        },
        "clat_ns" : {
          "min" : 0,
          "max" : 0,
          "mean" : 0.000000,
          "stddev" : 0.000000,
          "N" : 0
        },
        "lat_ns" : {
          "min" : 0,
          "max" : 0,
          "mean" : 0.000000,
          "stddev" : 0.000000,
          "N" : 0
        },
        "bw_min" : 0,
        "bw_max" : 0,
        "bw_agg" : 0.000000,
        "bw_mean" : 0.000000,
        "bw_dev" : 0.000000,
        "bw_samples" : 0,
        "iops_min" : 0,
        "iops_max" : 0,
        "iops_mean" : 0.000000,
        "iops_stddev" : 0.000000,
        "iops_samples" : 0
      },
      "write" : {
        "io_bytes" : 32256991232,
        "io_kbytes" : 31500968,
        "bw_bytes" : 537607560,
        "bw" : 525007,
        "iops" : 65625.922901,
        "runtime" : 60001,
        "total_ios" : 3937621,
        "short_ios" : 0,
        "drop_ios" : 0,
        "slat_ns" : {
          "min" : 876,
          "max" : 188540,
          "mean" : 3755.217266,
          "stddev" : 1357.919426,
          "N" : 3937621
        },
        "clat_ns" : {
          "min" : 19778,
          "max" : 61572898,
          "mean" : 117425.117570,
          "stddev" : 171549.227614,
          "N" : 3937621,
          "percentile" : {
            "1.000000" : 77312,
            "5.000000" : 79360,
            "10.000000" : 80384,
            "20.000000" : 81408,
            "30.000000" : 83456,
            "40.000000" : 84480,
            "50.000000" : 104960,
            "60.000000" : 107008,
            "70.000000" : 108032,
            "80.000000" : 109056,
            "90.000000" : 111104,
            "95.000000" : 226304,
            "99.000000" : 610304,
            "99.500000" : 675840,
            "99.900000" : 995328,
            "99.950000" : 1122304,
            "99.990000" : 1892352
          },
          "bins" : {
            "19840" : 1,
            "27520" : 5,
            "27776" : 8,
            "28032" : 7,
            "28288" : 6,
            "28544" : 8,
            "28800" : 6,
            "29056" : 2,
            "29312" : 2,
            "30336" : 1,
            "30592" : 2,
            "31104" : 1,
            "32128" : 1,
            "36096" : 1,
            "36608" : 1,
            "37120" : 1,
            "37632" : 1,
            "38144" : 1,
            "39168" : 3,
            "39680" : 3,
            "42240" : 3,
            "42752" : 2,
            "43264" : 1,
            "43776" : 2,
            "44288" : 1,
            "45312" : 3,
            "45824" : 1,
            "46336" : 4,
            "46848" : 1,
            "47360" : 7,
            "47872" : 12,
            "48384" : 7,
            "48896" : 5,
            "49408" : 4,
            "49920" : 5,
            "50432" : 23,
            "50944" : 61,
            "51456" : 97,
            "51968" : 112,
            "52480" : 68,
            "52992" : 41,
            "53504" : 19,
            "54016" : 9,
            "54528" : 8,
            "55040" : 8,
            "55552" : 5,
            "56064" : 4,
            "56576" : 3,
            "57088" : 5,
            "57600" : 8,
            "58112" : 2,
            "58624" : 1,
            "59136" : 5,
            "59648" : 8,
            "60160" : 14,
            "60672" : 8,
            "61184" : 8,
            "61696" : 6,
            "62208" : 13,
            "62720" : 9,
            "63232" : 6,
            "63744" : 14,
            "64256" : 14,
            "64768" : 12,
            "65280" : 14,
            "66048" : 25,
            "67072" : 16,
            "68096" : 24,
            "69120" : 28,
            "70144" : 22,
            "71168" : 17,
            "72192" : 20,
            "73216" : 17,
            "74240" : 12,
            "75264" : 34,
            "76288" : 1579,
            "77312" : 49262,
            "78336" : 107450,
            "79360" : 86883,
            "80384" : 199443,
            "81408" : 363704,
            "82432" : 274198,
            "83456" : 299340,
            "84480" : 201812,
            "85504" : 78297,
            "86528" : 34387,
            "87552" : 20741,
            "88576" : 15316,
            "89600" : 13267,
            "90624" : 10561,
            "91648" : 6332,
            "92672" : 3570,
            "93696" : 2399,
            "94720" : 1761,
            "95744" : 1415,
            "96768" : 1243,
            "97792" : 1306,
            "98816" : 1373,
            "99840" : 1255,
            "100864" : 2202,
            "101888" : 11532,
            "102912" : 45916,
            "103936" : 106626,
            "104960" : 152838,
            "105984" : 199092,
            "107008" : 313841,
            "108032" : 403137,
            "109056" : 313147,
            "110080" : 156479,
            "111104" : 69872,
            "112128" : 42208,
            "113152" : 33656,
            "114176" : 27797,
            "115200" : 19230,
            "116224" : 11117,
            "117248" : 6757,
            "118272" : 4829,
            "119296" : 3713,
            "120320" : 3164,
            "121344" : 2155,
            "122368" : 1809,
            "123392" : 1625,
            "124416" : 1505,
            "125440" : 1348,
            "126464" : 1344,
            "127488" : 1395,
            "128512" : 1448,
            "129536" : 1465,
            "130560" : 1397,
            "132096" : 2646,
            "134144" : 2341,
            "136192" : 1847,
            "138240" : 1552,
            "140288" : 1340,
            "142336" : 1540,
            "144384" : 2222,
            "146432" : 2202,
            "148480" : 1406,
            "150528" : 678,
            "152576" : 366,
            "154624" : 196,
            "156672" : 105,
            "158720" : 63,
            "160768" : 63,
            "162816" : 55,
            "164864" : 48,
            "166912" : 22,
            "168960" : 44,
            "171008" : 23,
            "173056" : 29,
            "175104" : 48,
            "177152" : 16,
            "179200" : 14,
            "181248" : 24,
            "183296" : 29,
            "185344" : 21,
            "187392" : 21,
            "189440" : 32,
            "191488" : 32,
            "193536" : 38,
            "195584" : 12,
            "197632" : 13,
            "199680" : 17,
            "201728" : 23,
            "203776" : 11,
            "205824" : 19,
            "207872" : 34,
            "209920" : 47,
            "211968" : 70,
            "214016" : 65,
            "216064" : 67,
            "218112" : 98,
            "220160" : 115,
            "222208" : 150,
            "224256" : 291,
            "226304" : 474,
            "228352" : 647,
            "230400" : 752,
            "232448" : 546,
            "234496" : 428,
            "236544" : 317,
            "238592" : 362,
            "240640" : 337,
            "242688" : 312,
            "244736" : 351,
            "246784" : 430,
            "248832" : 477,
            "250880" : 647,
            "252928" : 642,