{
  "fio version" : "fio-3.36",
  "timestamp" : 1730908289,
  "timestamp_ms" : 1730908289466,
  "time" : "Wed Nov  6 16:51:29 2024",
  "global options" : {
    "ioengine" : "libaio",
    "direct" : "1",
    "buffered" : "0",
    "time_based" : "1",
    "runtime" : "60",
    "size" : "8G",
    "group_reporting" : "1",
    "iodepth" : "4",
    "bs" : "8k",
    "rw" : "write"
  },
  "jobs" : [
    {
      "jobname" : "Test_sda",
      "groupid" : 0,
      "job_start" : 1730908229430,
      "error" : 0,
      "eta" : 0,
      "elapsed" : 61,
      "job options" : {
        "filename" : "/dev/sdc"
      },
      "read" : {
        "io_bytes" : 0,
        "io_kbytes" : 0,
        "bw_bytes" : 0,
        "bw" : 0,
        "iops" : 0.000000,
        "runtime" : 0,
        "total_ios" : 0,
        "short_ios" : 0,
        "drop_ios" : 0,
        "slat_ns" : {
          "min" : 0,
          "max" : 0,
          "mean" : 0.000000,
          "stddev" : 0.000000,
          "N" : 0
        },
        "clat_ns" : {
          "min" : 0,
          "max" : 0,
          "mean" : 0.000000,
          "stddev" : 0.000000,
          "N" : 0
        },
        "lat_ns" : {
          "min" : 0,
          "max" : 0,
          "mean" : 0.000000,
          "stddev" : 0.000000,
          "N" : 0
        },
        "bw_min" : 0,
        "bw_max" : 0,
        "bw_agg" : 0.000000,
        "bw_mean" : 0.000000,
        "bw_dev" : 0.000000,
        "bw_samples" : 0,
        "iops_min" : 0,
        "iops_max" : 0,
        "iops_mean" : 0.000000,
        "iops_stddev" : 0.000000,
        "iops_samples" : 0
      },
      "write" : {
        "io_bytes" : 48296828928,
        "io_kbytes" : 47164872,
        "bw_bytes" : 804933733,
        "bw" : 786068,
        "iops" : 98258.512358,
        "runtime" : 60001,
        "total_ios" : 5895609,
        "short_ios" : 0,
        "drop_ios" : 0,
        "slat_ns" : {
          "min" : 877,
          "max" : 178275,
          "mean" : 3758.941281,
          "stddev" : 1366.333862,
          "N" : 5895609
        },
        "clat_ns" : {
          "min" : 24735,
          "max" : 33401185,
          "mean" : 117640.900120,
          "stddev" : 157906.360124,
          "N" : 5895609,
          "percentile" : {
            "1.000000" : 77312,
            "5.000000" : 79360,
            "10.000000" : 80384,
            "20.000000" : 81408,
            "30.000000" : 83456,
            "40.000000" : 84480,
            "50.000000" : 103936,
            "60.000000" : 107008,
            "70.000000" : 108032,
            "80.000000" : 109056,
            "90.000000" : 112128,
            "95.000000" : 261120,
            "99.000000" : 610304,
            "99.500000" : 684032,
            "99.900000" : 1011712,
            "99.950000" : 1122304,
            "99.990000" : 1892352
          },
          "bins" : {
            "24704" : 1,
            "24960" : 1,
            "25984" : 1,
            "26496" : 1,
            "26752" : 3,
            "27008" : 4,
            "27264" : 7,
            "27520" : 9,
            "27776" : 18,
            "28032" : 16,
            "28288" : 19,
            "28544" : 9,
            "28800" : 9,
            "29056" : 9,
            "29312" : 1,
            "29568" : 5,
            "30080" : 2,
            "30336" : 1,
            "30592" : 1,
            "31104" : 1,
            "31360" : 3,
            "31872" : 1,
            "32384" : 1,
            "32640" : 1,
            "35584" : 1,
            "37120" : 1,
            "37632" : 1,
            "38656" : 2,
            "39168" : 1,
            "39680" : 4,
            "40192" : 2,
            "40704" : 4,
            "41216" : 6,
            "41728" : 5,
            "42240" : 9,
            "42752" : 2,
            "43264" : 4,
            "43776" : 4,
            "44288" : 3,
            "44800" : 2,
            "45312" : 6,
            "45824" : 4,
            "46336" : 4,
            "47360" : 12,
            "47872" : 4,
            "48384" : 9,
            "48896" : 8,
            "49408" : 6,
            "49920" : 5,
            "50432" : 18,
            "50944" : 40,
            "51456" : 111,
            "51968" : 116,
            "52480" : 81,
            "52992" : 61,
            "53504" : 42,
            "54016" : 16,
            "54528" : 17,
            "55040" : 12,
            "55552" : 10,
            "56064" : 8,
            "56576" : 9,
            "57088" : 4,
            "57600" : 8,
            "58112" : 8,
            "58624" : 13,
            "59136" : 21,
            "59648" : 16,
            "60160" : 29,
            "60672" : 27,
            "61184" : 25,
            "61696" : 17,
            "62208" : 21,
            "62720" : 9,
            "63232" : 21,
            "63744" : 17,
            "64256" : 21,
            "64768" : 9,
            "65280" : 14,
            "66048" : 30,
            "67072" : 25,
            "68096" : 30,
            "69120" : 38,
            "70144" : 16,
            "71168" : 28,
            "72192" : 27,
            "73216" : 17,
            "74240" : 21,
            "75264" : 99,
            "76288" : 8537,
            "77312" : 82511,
            "78336" : 146859,
            "79360" : 155260,
            "80384" : 314272,
            "81408" : 498851,
            "82432" : 458484,
            "83456" : 442043,
            "84480" : 310897,
            "85504" : 142808,
            "86528" : 64316,
            "87552" : 36220,
            "88576" : 25968,
            "89600" : 21452,
            "90624" : 17163,
            "91648" : 12017,
            "92672" : 7171,
            "93696" : 4556,
            "94720" : 3227,
            "95744" : 2520,
            "96768" : 2070,
            "97792" : 2107,
            "98816" : 2069,
            "99840" : 2189,
            "100864" : 5461,
            "101888" : 23439,
            "102912" : 74822,
            "103936" : 151211,
            "104960" : 214532,
            "105984" : 293966,
            "107008" : 441288,
            "108032" : 525947,
            "109056" : 420392,
            "110080" : 237327,
            "111104" : 118853,
            "112128" : 73615,
            "113152" : 55793,
            "114176" : 44218,
            "115200" : 31661,
            "116224" : 20207,
            "117248" : 12674,
            "118272" : 8358,
            "119296" : 6523,
            "120320" : 5155,
            "121344" : 4094,
            "122368" : 3155,
            "123392" : 2651,
            "124416" : 2384,
            "125440" : 2210,
            "126464" : 2417,
            "127488" : 2253,
            "128512" : 2316,
            "129536" : 2277,
            "130560" : 2191,
            "132096" : 3958,
            "134144" : 3471,
            "136192" : 2931,
            "138240" : 2387,
            "140288" : 1991,
            "142336" : 2255,
            "144384" : 2905,
            "146432" : 2875,
            "148480" : 1977,
            "150528" : 963,
            "152576" : 572,
            "154624" : 363,
            "156672" : 203,
            "158720" : 125,
            "160768" : 90,
            "162816" : 88,
            "164864" : 84,
            "166912" : 101,
            "168960" : 81,
            "171008" : 86,
            "173056" : 62,
            "175104" : 73,
            "177152" : 41,
            "179200" : 50,
            "181248" : 38,
            "183296" : 44,
            "185344" : 27,
            "187392" : 37,
            "189440" : 60,
            "191488" : 49,
            "193536" : 60,
            "195584" : 26,
            "197632" : 23,
            "199680" : 29,
            "201728" : 13,
            "203776" : 28,
            "205824" : 45,
            "207872" : 47,
            "209920" : 64,
            "211968" : 97,
            "214016" : 109,
            "216064" : 127,
            "218112" : 114,
            "220160" : 132,
            "222208" : 218,
            "224256" : 435,