{
  "fio version" : "fio-3.36",
  "timestamp" : 1730908168,
  "timestamp_ms" : 1730908168842,
  "time" : "Wed Nov  6 16:49:28 2024",
  "global options" : {
    "ioengine" : "libaio",
    "direct" : "1",
    "buffered" : "0",
    "time_based" : "1",
    "runtime" : "60",
    "size" : "8G",
    "group_reporting" : "1",
    "iodepth" : "4",
    "bs" : "8k",
    "rw" : "write"
  },
  "jobs" : [
    {
      "jobname" : "Test_sda",
      "groupid" : 0,
      "job_start" : 1730908108798,
      "error" : 0,
      "eta" : 0,
      "elapsed" : 61,
      "job options" : {
        "filename" : "/dev/sdc"
      },
      "read" : {
        "io_bytes" : 0,
        "io_kbytes" : 0,
        "bw_bytes" : 0,
        "bw" : 0,
        "iops" : 0.000000,
        "runtime" : 0,
        "total_ios" : 0,
        "short_ios" : 0,
        "drop_ios" : 0,
        "slat_ns" : {
          "min" : 0,
          "max" : 0,
          "mean" : 0.000000,
          "stddev" : 0.000000,
          "N" : 0
        },
        "clat_ns" : {
          "min" : 0,
          "max" : 0,
          "mean" : 0.000000,
          "stddev" : 0.000000,
          "N" : 0
        },
        "lat_ns" : {
          "min" : 0,
          "max" : 0,
          "mean" : 0.000000,
          "stddev" : 0.000000,
          "N" : 0
        },
        "bw_min" : 0,
        "bw_max" : 0,
        "bw_agg" : 0.000000,
        "bw_mean" : 0.000000,
        "bw_dev" : 0.000000,
        "bw_samples" : 0,
        "iops_min" : 0,
        "iops_max" : 0,
        "iops_mean" : 0.000000,
        "iops_stddev" : 0.000000,
        "iops_samples" : 0
      },
      "write" : {
        "io_bytes" : 48256417792,
        "io_kbytes" : 47125408,
        "bw_bytes" : 804260225,
        "bw" : 785410,
        "iops" : 98176.297062,
        "runtime" : 60001,
        "total_ios" : 5890676,
        "short_ios" : 0,
        "drop_ios" : 0,
        "slat_ns" : {
          "min" : 878,
          "max" : 179091,
          "mean" : 3764.556339,
          "stddev" : 1376.378387,
          "N" : 5890676
        },
        "clat_ns" : {
          "min" : 26454,
          "max" : 69084117,
          "mean" : 117742.522962,
          "stddev" : 169079.460481,
          "N" : 5890676,
          "percentile" : {
            "1.000000" : 77312,
            "5.000000" : 79360,
            "10.000000" : 80384,
            "20.000000" : 81408,
            "30.000000" : 83456,
            "40.000000" : 84480,
            "50.000000" : 103936,
            "60.000000" : 105984,
            "70.000000" : 108032,
            "80.000000" : 109056,
            "90.000000" : 112128,
            "95.000000" : 268288,
            "99.000000" : 618496,
            "99.500000" : 684032,
            "99.900000" : 1019904,
            "99.950000" : 1122304,
            "99.990000" : 1892352
          },
          "bins" : {
            "26496" : 1,
            "26752" : 2,
            "27008" : 3,
            "27264" : 12,
            "27520" : 12,
            "27776" : 13,
            "28032" : 13,
            "28288" : 18,
            "28544" : 9,
            "28800" : 11,
            "29056" : 1,
            "29312" : 2,
            "29568" : 2,
            "29824" : 1,
            "30080" : 1,
            "30336" : 1,
            "30848" : 2,
            "32128" : 1,
            "34048" : 1,
            "35584" : 1,
            "36096" : 1,
            "36608" : 1,
            "37632" : 1,
            "38144" : 1,
            "38656" : 3,
            "39168" : 3,
            "39680" : 1,
            "40192" : 8,
            "40704" : 7,
            "41216" : 4,
            "41728" : 8,
            "42240" : 4,
            "42752" : 4,
            "43264" : 7,
            "43776" : 2,
            "44288" : 3,
            "44800" : 6,
            "45312" : 1,
            "45824" : 4,
            "46336" : 6,
            "46848" : 11,
            "47360" : 19,
            "47872" : 10,
            "48384" : 11,
            "48896" : 10,
            "49408" : 10,
            "49920" : 32,
            "50432" : 122,
            "50944" : 160,
            "51456" : 173,
            "51968" : 121,
            "52480" : 82,
            "52992" : 50,
            "53504" : 32,
            "54016" : 23,
            "54528" : 27,
            "55040" : 72,
            "55552" : 100,
            "56064" : 192,
            "56576" : 243,
            "57088" : 101,
            "57600" : 69,
            "58112" : 25,
            "58624" : 30,
            "59136" : 18,
            "59648" : 21,
            "60160" : 17,
            "60672" : 18,
            "61184" : 12,
            "61696" : 16,
            "62208" : 9,
            "62720" : 15,
            "63232" : 17,
            "63744" : 16,
            "64256" : 19,
            "64768" : 20,
            "65280" : 20,
            "66048" : 40,
            "67072" : 44,
            "68096" : 37,
            "69120" : 77,
            "70144" : 53,
            "71168" : 39,
            "72192" : 39,
            "73216" : 42,
            "74240" : 36,
            "75264" : 145,
            "76288" : 10721,
            "77312" : 96991,
            "78336" : 151130,
            "79360" : 155543,
            "80384" : 348015,
            "81408" : 517467,
            "82432" : 445261,
            "83456" : 429562,
            "84480" : 283781,
            "85504" : 124087,
            "86528" : 57226,
            "87552" : 32346,
            "88576" : 24143,
            "89600" : 19806,
            "90624" : 15068,
            "91648" : 10244,
            "92672" : 6498,
            "93696" : 3983,
            "94720" : 2961,
            "95744" : 2495,
            "96768" : 2133,
            "97792" : 2195,
            "98816" : 2144,
            "99840" : 2423,
            "100864" : 6233,
            "101888" : 25927,
            "102912" : 78903,
            "103936" : 157509,
            "104960" : 220361,
            "105984" : 304683,
            "107008" : 455140,
            "108032" : 529518,
            "109056" : 410945,
            "110080" : 228427,
            "111104" : 115323,
            "112128" : 70395,
            "113152" : 54076,
            "114176" : 40770,
            "115200" : 27182,
            "116224" : 17167,
            "117248" : 11114,
            "118272" : 7839,
            "119296" : 6319,
            "120320" : 5193,
            "121344" : 3872,
            "122368" : 3216,
            "123392" : 2872,
            "124416" : 2832,
            "125440" : 2504,
            "126464" : 2523,
            "127488" : 2541,
            "128512" : 2488,
            "129536" : 2393,
            "130560" : 2330,
            "132096" : 4422,
            "134144" : 3724,
            "136192" : 3005,
            "138240" : 2410,
            "140288" : 1929,
            "142336" : 2310,
            "144384" : 3082,
            "146432" : 2884,
            "148480" : 2079,
            "150528" : 952,
            "152576" : 520,
            "154624" : 325,
            "156672" : 125,
            "158720" : 100,
            "160768" : 84,
            "162816" : 101,
            "164864" : 110,
            "166912" : 112,
            "168960" : 101,
            "171008" : 93,
            "173056" : 56,
            "175104" : 44,
            "177152" : 43,
            "179200" : 43,
            "181248" : 54,
            "183296" : 28,
            "185344" : 37,
            "187392" : 52,
            "189440" : 57,
            "191488" : 47,
            "193536" : 51,
            "195584" : 26,
            "197632" : 27,
            "199680" : 19,
            "201728" : 28,
            "203776" : 31,
            "205824" : 35,
            "207872" : 40,
            "209920" : 47,
            "211968" : 59,
            "214016" : 96,
            "216064" : 77,
            "218112" : 124,
            "220160" : 129,
            "222208" : 180,
            "224256" : 327,
            "226304" : 622,