{
  "fio version" : "fio-3.36",
  "timestamp" : 1730904550,
  "timestamp_ms" : 1730904550463,
  "time" : "Wed Nov  6 15:49:10 2024",
  "global options" : {
    "ioengine" : "libaio",
    "direct" : "1",
    "buffered" : "0",
    "time_based" : "1",
    "runtime" : "60",
    "size" : "8G",
    "group_reporting" : "1",
    "iodepth" : "4",
    "bs" : "8k",
    "rw" : "write"
  },
  "jobs" : [
    {
      "jobname" : "Test_sda",
      "groupid" : 0,
      "job_start" : 1730904490435,
      "error" : 0,
      "eta" : 0,
      "elapsed" : 61,
      "job options" : {
        "filename" : "/dev/sda"
      },
      "read" : {
        "io_bytes" : 0,
        "io_kbytes" : 0,
        "bw_bytes" : 0,
        "bw" : 0,
        "iops" : 0.000000,
        "runtime" : 0,
        "total_ios" : 0,
        "short_ios" : 0,
        "drop_ios" : 0,
        "slat_ns" : {
          "min" : 0,
          "max" : 0,
          "mean" : 0.000000,
          "stddev" : 0.000000,
          "N" : 0
        },
        "clat_ns" : {
          "min" : 0,
          "max" : 0,
          "mean" : 0.000000,
          "stddev" : 0.000000,
          "N" : 0
        },
        "lat_ns" : {
          "min" : 0,
          "max" : 0,
          "mean" : 0.000000,
          "stddev" : 0.000000,
          "N" : 0
        },
        "bw_min" : 0,
        "bw_max" : 0,
        "bw_agg" : 0.000000,
        "bw_mean" : 0.000000,
        "bw_dev" : 0.000000,
        "bw_samples" : 0,
        "iops_min" : 0,
        "iops_max" : 0,
        "iops_mean" : 0.000000,
        "iops_stddev" : 0.000000,
        "iops_samples" : 0
      },
      "write" : {
        "io_bytes" : 15763537920,
        "io_kbytes" : 15394080,
        "bw_bytes" : 262721253,
        "bw" : 256563,
        "iops" : 32070.465492,
        "runtime" : 60001,
        "total_ios" : 1924260,
        "short_ios" : 0,
        "drop_ios" : 0,
        "slat_ns" : {
          "min" : 1186,
          "max" : 181647,
          "mean" : 3733.084030,
          "stddev" : 1318.349646,
          "N" : 1924260
        },
        "clat_ns" : {
          "min" : 25157,
          "max" : 268049602,
          "mean" : 120275.963404,
          "stddev" : 428788.769798,
          "N" : 1924260,
          "percentile" : {
            "1.000000" : 77312,
            "5.000000" : 78336,
            "10.000000" : 80384,
            "20.000000" : 81408,
            "30.000000" : 82432,
            "40.000000" : 84480,
            "50.000000" : 103936,
            "60.000000" : 105984,
            "70.000000" : 107008,
            "80.000000" : 109056,
            "90.000000" : 112128,
            "95.000000" : 350208,
            "99.000000" : 618496,
            "99.500000" : 684032,
            "99.900000" : 970752,
            "99.950000" : 1105920,
            "99.990000" : 8716288
          },
          "bins" : {
            "25216" : 1,
            "27520" : 2,
            "27776" : 1,
            "28288" : 2,
            "28544" : 2,
            "28800" : 2,
            "29056" : 1,
            "29568" : 1,
            "42240" : 2,
            "42752" : 1,
            "47360" : 1,
            "47872" : 2,
            "48896" : 1,
            "49408" : 3,
            "50944" : 5,
            "51456" : 15,
            "51968" : 12,
            "52480" : 8,
            "52992" : 6,
            "53504" : 3,
            "54016" : 1,
            "54528" : 3,
            "55040" : 1,
            "56064" : 1,
            "56576" : 2,
            "57088" : 1,
            "58112" : 1,
            "59136" : 1,
            "59648" : 2,
            "61184" : 1,
            "62720" : 1,
            "63232" : 1,
            "63744" : 2,
            "64768" : 2,
            "66048" : 2,
            "67072" : 2,
            "68096" : 1,
            "69120" : 1,
            "70144" : 2,
            "71168" : 1,
            "72192" : 2,
            "73216" : 2,
            "74240" : 2,
            "75264" : 73,
            "76288" : 7477,
            "77312" : 50033,
            "78336" : 47474,
            "79360" : 57468,
            "80384" : 168267,
            "81408" : 165149,
            "82432" : 129080,
            "83456" : 124338,
            "84480" : 56345,
            "85504" : 23158,
            "86528" : 12286,
            "87552" : 8378,
            "88576" : 6967,
            "89600" : 5638,
            "90624" : 3726,
            "91648" : 2240,
            "92672" : 1443,
            "93696" : 1092,
            "94720" : 979,
            "95744" : 873,
            "96768" : 920,
            "97792" : 876,
            "98816" : 846,
            "99840" : 1103,
            "100864" : 2879,
            "101888" : 11564,
            "102912" : 33219,
            "103936" : 61619,
            "104960" : 78571,
            "105984" : 112875,
            "107008" : 174504,
            "108032" : 168066,
            "109056" : 100549,
            "110080" : 53058,
            "111104" : 33426,
            "112128" : 25490,
            "113152" : 20634,
            "114176" : 13850,
            "115200" : 7864,
            "116224" : 4319,
            "117248" : 3207,
            "118272" : 2595,
            "119296" : 2144,
            "120320" : 1788,
            "121344" : 1455,
            "122368" : 1283,
            "123392" : 1201,
            "124416" : 1078,
            "125440" : 1143,
            "126464" : 1162,
            "127488" : 1153,
            "128512" : 1080,
            "129536" : 1168,
            "130560" : 1078,
            "132096" : 1919,
            "134144" : 1439,
            "136192" : 965,
            "138240" : 801,
            "140288" : 669,
            "142336" : 823,
            "144384" : 1020,
            "146432" : 927,
            "148480" : 537,
            "150528" : 302,
            "152576" : 217,
            "154624" : 77,
            "156672" : 61,
            "158720" : 54,
            "160768" : 52,
            "162816" : 41,
            "164864" : 35,
            "166912" : 28,
            "168960" : 32,
            "171008" : 32,
            "173056" : 21,
            "175104" : 26,
            "177152" : 17,
            "179200" : 25,
            "181248" : 10,
            "183296" : 11,
            "185344" : 20,
            "187392" : 14,
            "189440" : 19,
            "191488" : 20,
            "193536" : 7,
            "195584" : 12,
            "197632" : 1,
            "199680" : 1,
            "201728" : 7,
            "203776" : 10,
            "205824" : 12,
            "207872" : 11,
            "209920" : 8,
            "211968" : 28,
            "214016" : 25,
            "216064" : 51,
            "218112" : 24,
            "220160" : 62,
            "222208" : 102,
            "224256" : 165,
            "226304" : 262,
            "228352" : 378,
            "230400" : 388,
            "232448" : 318,
            "234496" : 264,
            "236544" : 219,
            "238592" : 203,
            "240640" : 200,
            "242688" : 213,
            "244736" : 279,
            "246784" : 274,
            "248832" : 265,
            "250880" : 322,
            "252928" : 381,
            "254976" : 356,
            "257024" : 354,
            "259072" : 239,
            "261120" : 235,
            "264192" : 301,
            "268288" : 218,
            "272384" : 154,
            "276480" : 94,
            "280576" : 144,
            "284672" : 336,
            "288768" : 366,
            "292864" : 292,
            "296960" : 262,
            "301056" : 155,
            "305152" : 101,
            "309248" : 66,
            "313344" : 57,
            "317440" : 76,
            "321536" : 76,
            "325632" : 91,
            "329728" : 88,
            "333824" : 315,
            "337920" : 1605,
            "342016" : 1649,
            "346112" : 4192,
            "350208" : 4028,
            "354304" : 2340,
            "358400" : 818,
            "362496" : 2391,