{
  "fio version" : "fio-3.36",
  "timestamp" : 1730906962,
  "timestamp_ms" : 1730906962554,
  "time" : "Wed Nov  6 16:29:22 2024",
  "global options" : {
    "ioengine" : "libaio",
    "direct" : "1",
    "buffered" : "0",
    "time_based" : "1",
    "runtime" : "60",
    "size" : "8G",
    "group_reporting" : "1",
    "iodepth" : "4",
    "bs" : "8k",
    "rw" : "write"
  },
  "jobs" : [
    {
      "jobname" : "Test_sda",
      "groupid" : 0,
      "job_start" : 1730906902519,
      "error" : 0,
      "eta" : 0,
      "elapsed" : 61,
      "job options" : {
        "filename" : "/dev/sdc"
      },
      "read" : {
        "io_bytes" : 0,
        "io_kbytes" : 0,
        "bw_bytes" : 0,
        "bw" : 0,
        "iops" : 0.000000,
        "runtime" : 0,
        "total_ios" : 0,
        "short_ios" : 0,
        "drop_ios" : 0,
        "slat_ns" : {
          "min" : 0,
          "max" : 0,
          "mean" : 0.000000,
          "stddev" : 0.000000,
          "N" : 0
        },
        "clat_ns" : {
          "min" : 0,
          "max" : 0,
          "mean" : 0.000000,
          "stddev" : 0.000000,
          "N" : 0
        },
        "lat_ns" : {
          "min" : 0,
          "max" : 0,
          "mean" : 0.000000,
          "stddev" : 0.000000,
          "N" : 0
        },
        "bw_min" : 0,
        "bw_max" : 0,
        "bw_agg" : 0.000000,
        "bw_mean" : 0.000000,
        "bw_dev" : 0.000000,
        "bw_samples" : 0,
        "iops_min" : 0,
        "iops_max" : 0,
        "iops_mean" : 0.000000,
        "iops_stddev" : 0.000000,
        "iops_samples" : 0
      },
      "write" : {
        "io_bytes" : 48366985216,
        "io_kbytes" : 47233384,
        "bw_bytes" : 806102985,
        "bw" : 787209,
        "iops" : 98401.243313,
        "runtime" : 60001,
        "total_ios" : 5904173,
        "short_ios" : 0,
        "drop_ios" : 0,
        "slat_ns" : {
          "min" : 886,
          "max" : 188451,
          "mean" : 3776.503575,
          "stddev" : 1358.455381,
          "N" : 5904173
        },
        "clat_ns" : {
          "min" : 20523,
          "max" : 56495771,
          "mean" : 117450.810278,
          "stddev" : 162106.402999,
          "N" : 5904173,
          "percentile" : {
            "1.000000" : 77312,
            "5.000000" : 78336,
            "10.000000" : 80384,
            "20.000000" : 81408,
            "30.000000" : 82432,
            "40.000000" : 84480,
            "50.000000" : 103936,
            "60.000000" : 105984,
            "70.000000" : 107008,
            "80.000000" : 108032,
            "90.000000" : 111104,
            "95.000000" : 325632,
            "99.000000" : 610304,
            "99.500000" : 684032,
            "99.900000" : 1003520,
            "99.950000" : 1122304,
            "99.990000" : 1843200
          },
          "bins" : {
            "20608" : 1,
            "24960" : 1,
            "26496" : 4,
            "26752" : 5,
            "27008" : 9,
            "27264" : 9,
            "27520" : 12,
            "27776" : 13,
            "28032" : 17,
            "28288" : 15,
            "28544" : 13,
            "28800" : 12,
            "29056" : 2,
            "29312" : 3,
            "29568" : 1,
            "30080" : 1,
            "30336" : 3,
            "30592" : 2,
            "31360" : 1,
            "31616" : 2,
            "31872" : 2,
            "32128" : 1,
            "36608" : 1,
            "37632" : 1,
            "38144" : 1,
            "38656" : 3,
            "39680" : 1,
            "40192" : 3,
            "40704" : 4,
            "41216" : 3,
            "41728" : 3,
            "42240" : 8,
            "42752" : 3,
            "43264" : 2,
            "43776" : 2,
            "44288" : 1,
            "44800" : 4,
            "45312" : 3,
            "45824" : 2,
            "46336" : 3,
            "46848" : 11,
            "47360" : 14,
            "47872" : 14,
            "48384" : 9,
            "48896" : 6,
            "49408" : 5,
            "49920" : 14,
            "50432" : 101,
            "50944" : 207,
            "51456" : 174,
            "51968" : 118,
            "52480" : 75,
            "52992" : 40,
            "53504" : 38,
            "54016" : 19,
            "54528" : 13,
            "55040" : 11,
            "55552" : 17,
            "56064" : 12,
            "56576" : 13,
            "57088" : 6,
            "57600" : 14,
            "58112" : 10,
            "58624" : 11,
            "59136" : 13,
            "59648" : 17,
            "60160" : 19,
            "60672" : 15,
            "61184" : 19,
            "61696" : 16,
            "62208" : 12,
            "62720" : 15,
            "63232" : 24,
            "63744" : 33,
            "64256" : 25,
            "64768" : 21,
            "65280" : 19,
            "66048" : 55,
            "67072" : 64,
            "68096" : 63,
            "69120" : 62,
            "70144" : 53,
            "71168" : 55,
            "72192" : 52,
            "73216" : 39,
            "74240" : 60,
            "75264" : 129,
            "76288" : 11235,
            "77312" : 118354,
            "78336" : 164959,
            "79360" : 153796,
            "80384" : 401237,
            "81408" : 560000,
            "82432" : 426511,
            "83456" : 428469,
            "84480" : 225100,
            "85504" : 87622,
            "86528" : 43704,
            "87552" : 28323,
            "88576" : 21590,
            "89600" : 17147,
            "90624" : 11432,
            "91648" : 6832,
            "92672" : 3865,
            "93696" : 2375,
            "94720" : 1652,
            "95744" : 1449,
            "96768" : 1421,
            "97792" : 1304,
            "98816" : 1237,
            "99840" : 1746,
            "100864" : 6882,
            "101888" : 33788,
            "102912" : 103076,
            "103936" : 193935,
            "104960" : 253814,
            "105984" : 354218,
            "107008" : 541474,
            "108032" : 572739,
            "109056" : 366690,
            "110080" : 160892,
            "111104" : 70921,
            "112128" : 45894,
            "113152" : 37183,
            "114176" : 28717,
            "115200" : 18582,
            "116224" : 11053,
            "117248" : 6690,
            "118272" : 5150,
            "119296" : 4284,
            "120320" : 3153,
            "121344" : 2242,
            "122368" : 1807,
            "123392" : 1474,
            "124416" : 1496,
            "125440" : 1317,
            "126464" : 1417,
            "127488" : 1532,
            "128512" : 1472,
            "129536" : 1567,
            "130560" : 1575,
            "132096" : 3032,
            "134144" : 2875,
            "136192" : 2608,
            "138240" : 2262,
            "140288" : 1924,
            "142336" : 2529,
            "144384" : 3296,
            "146432" : 3028,
            "148480" : 1806,
            "150528" : 653,
            "152576" : 313,
            "154624" : 181,
            "156672" : 129,
            "158720" : 99,
            "160768" : 96,
            "162816" : 64,
            "164864" : 60,
            "166912" : 81,
            "168960" : 104,
            "171008" : 86,
            "173056" : 28,
            "175104" : 48,
            "177152" : 45,
            "179200" : 39,
            "181248" : 20,
            "183296" : 41,
            "185344" : 33,
            "187392" : 42,
            "189440" : 52,
            "191488" : 49,
            "193536" : 40,
            "195584" : 23,
            "197632" : 17,
            "199680" : 19,
            "201728" : 35,
            "203776" : 41,
            "205824" : 55,
            "207872" : 37,
            "209920" : 55,
            "211968" : 111,
            "214016" : 108,
            "216064" : 133,
            "218112" : 148,
            "220160" : 127,
            "222208" : 237,
            "224256" : 482,
            "226304" : 858,