{
  "fio version" : "fio-3.36",
  "timestamp" : 1730904188,
  "timestamp_ms" : 1730904188659,
  "time" : "Wed Nov  6 15:43:08 2024",
  "global options" : {
    "ioengine" : "libaio",
    "direct" : "1",
    "buffered" : "0",
    "time_based" : "1",
    "runtime" : "60",
    "size" : "8G",
    "group_reporting" : "1",
    "iodepth" : "4",
    "bs" : "8k",
    "rw" : "write"
  },
  "jobs" : [
    {
      "jobname" : "Test_sda",
      "groupid" : 0,
      "job_start" : 1730904128626,
      "error" : 0,
      "eta" : 0,
      "elapsed" : 61,
      "job options" : {
        "filename" : "/dev/sda"
      },
      "read" : {
        "io_bytes" : 0,
        "io_kbytes" : 0,
        "bw_bytes" : 0,
        "bw" : 0,
        "iops" : 0.000000,
        "runtime" : 0,
        "total_ios" : 0,
        "short_ios" : 0,
        "drop_ios" : 0,
        "slat_ns" : {
          "min" : 0,
          "max" : 0,
          "mean" : 0.000000,
          "stddev" : 0.000000,
          "N" : 0
        },
        "clat_ns" : {
          "min" : 0,
          "max" : 0,
          "mean" : 0.000000,
          "stddev" : 0.000000,
          "N" : 0
        },
        "lat_ns" : {
          "min" : 0,
          "max" : 0,
          "mean" : 0.000000,
          "stddev" : 0.000000,
          "N" : 0
        },
        "bw_min" : 0,
        "bw_max" : 0,
        "bw_agg" : 0.000000,
        "bw_mean" : 0.000000,
        "bw_dev" : 0.000000,
        "bw_samples" : 0,
        "iops_min" : 0,
        "iops_max" : 0,
        "iops_mean" : 0.000000,
        "iops_stddev" : 0.000000,
        "iops_samples" : 0
      },
      "write" : {
        "io_bytes" : 15888474112,
        "io_kbytes" : 15516088,
        "bw_bytes" : 264803488,
        "bw" : 258597,
        "iops" : 32324.644589,
        "runtime" : 60001,
        "total_ios" : 1939511,
        "short_ios" : 0,
        "drop_ios" : 0,
        "slat_ns" : {
          "min" : 887,
          "max" : 86964,
          "mean" : 3757.946588,
          "stddev" : 1339.712930,
          "N" : 1939511
        },
        "clat_ns" : {
          "min" : 19076,
          "max" : 27612739,
          "mean" : 119261.301573,
          "stddev" : 156689.369180,
          "N" : 1939511,
          "percentile" : {
            "1.000000" : 76288,
            "5.000000" : 78336,
            "10.000000" : 79360,
            "20.000000" : 80384,
            "30.000000" : 82432,
            "40.000000" : 83456,
            "50.000000" : 103936,
            "60.000000" : 105984,
            "70.000000" : 107008,
            "80.000000" : 108032,
            "90.000000" : 111104,
            "95.000000" : 350208,
            "99.000000" : 618496,
            "99.500000" : 684032,
            "99.900000" : 954368,
            "99.950000" : 1089536,
            "99.990000" : 1908736
          },
          "bins" : {
            "19072" : 1,
            "19584" : 1,
            "26496" : 1,
            "26752" : 2,
            "27264" : 5,
            "27520" : 1,
            "27776" : 4,
            "28032" : 1,
            "28288" : 3,
            "28544" : 1,
            "29056" : 1,
            "30592" : 1,
            "31360" : 1,
            "32384" : 1,
            "33536" : 1,
            "34048" : 1,
            "35072" : 1,
            "37120" : 1,
            "39680" : 1,
            "44288" : 1,
            "46848" : 2,
            "47360" : 2,
            "48384" : 3,
            "48896" : 1,
            "49408" : 2,
            "49920" : 2,
            "50432" : 8,
            "50944" : 15,
            "51456" : 22,
            "51968" : 23,
            "52480" : 9,
            "52992" : 6,
            "53504" : 4,
            "54016" : 1,
            "54528" : 2,
            "55040" : 2,
            "55552" : 2,
            "56064" : 1,
            "56576" : 3,
            "57088" : 3,
            "57600" : 4,
            "58624" : 4,
            "60160" : 5,
            "61184" : 2,
            "61696" : 3,
            "62208" : 2,
            "63232" : 3,
            "63744" : 5,
            "64256" : 2,
            "64768" : 1,
            "65280" : 2,
            "66048" : 2,
            "67072" : 11,
            "68096" : 7,
            "69120" : 12,
            "70144" : 4,
            "71168" : 7,
            "72192" : 5,
            "73216" : 3,
            "74240" : 21,
            "75264" : 974,
            "76288" : 32116,
            "77312" : 57449,
            "78336" : 41895,
            "79360" : 106954,
            "80384" : 193067,
            "81408" : 135218,
            "82432" : 131485,
            "83456" : 79142,
            "84480" : 32977,
            "85504" : 16418,
            "86528" : 9542,
            "87552" : 7041,
            "88576" : 5581,
            "89600" : 3718,
            "90624" : 1903,
            "91648" : 1107,
            "92672" : 752,
            "93696" : 634,
            "94720" : 567,
            "95744" : 545,
            "96768" : 682,
            "97792" : 605,
            "98816" : 651,
            "99840" : 1798,
            "100864" : 8424,
            "101888" : 26839,
            "102912" : 59398,
            "103936" : 80560,
            "104960" : 100046,
            "105984" : 165847,
            "107008" : 201195,
            "108032" : 132644,
            "109056" : 60962,
            "110080" : 31017,
            "111104" : 22124,
            "112128" : 17305,
            "113152" : 12976,
            "114176" : 7416,
            "115200" : 3937,
            "116224" : 2486,
            "117248" : 2188,
            "118272" : 1803,
            "119296" : 1450,
            "120320" : 1174,
            "121344" : 860,
            "122368" : 935,
            "123392" : 848,
            "124416" : 795,
            "125440" : 798,
            "126464" : 775,
            "127488" : 819,
            "128512" : 804,
            "129536" : 764,
            "130560" : 803,
            "132096" : 1461,
            "134144" : 1144,
            "136192" : 919,
            "138240" : 688,
            "140288" : 715,
            "142336" : 877,
            "144384" : 1058,
            "146432" : 815,
            "148480" : 436,
            "150528" : 219,
            "152576" : 141,
            "154624" : 74,
            "156672" : 40,
            "158720" : 40,
            "160768" : 49,
            "162816" : 41,
            "164864" : 46,
            "166912" : 32,
            "168960" : 34,
            "171008" : 28,
            "173056" : 29,
            "175104" : 10,
            "177152" : 8,
            "179200" : 21,
            "181248" : 16,
            "183296" : 16,
            "185344" : 22,
            "187392" : 16,
            "189440" : 17,
            "191488" : 22,
            "193536" : 12,
            "195584" : 5,
            "197632" : 9,
            "199680" : 7,
            "201728" : 10,
            "203776" : 6,
            "205824" : 20,
            "207872" : 13,
            "209920" : 19,
            "211968" : 12,
            "214016" : 23,
            "216064" : 18,
            "218112" : 43,
            "220160" : 82,
            "222208" : 94,
            "224256" : 205,
            "226304" : 268,
            "228352" : 400,
            "230400" : 373,
            "232448" : 250,
            "234496" : 222,
            "236544" : 179,
            "238592" : 191,
            "240640" : 197,
            "242688" : 218,
            "244736" : 233,
            "246784" : 286,
            "248832" : 291,
            "250880" : 351,
            "252928" : 362,
            "254976" : 402,
            "257024" : 392,
            "259072" : 304,
            "261120" : 222,
            "264192" : 309,
            "268288" : 162,
            "272384" : 84,
            "276480" : 101,
            "280576" : 185,
            "284672" : 317,
            "288768" : 392,
            "292864" : 326,
            "296960" : 255,
            "301056" : 143,