{
  "fio version" : "fio-3.36",
  "timestamp" : 1730903706,
  "timestamp_ms" : 1730903706268,
  "time" : "Wed Nov  6 15:35:06 2024",
  "global options" : {
    "ioengine" : "libaio",
    "direct" : "1",
    "buffered" : "0",
    "time_based" : "1",
    "runtime" : "60",
    "size" : "8G",
    "group_reporting" : "1",
    "iodepth" : "4",
    "bs" : "8k",
    "rw" : "write"
  },
  "jobs" : [
    {
      "jobname" : "Test_sda",
      "groupid" : 0,
      "job_start" : 1730903646231,
      "error" : 0,
      "eta" : 0,
      "elapsed" : 61,
      "job options" : {
        "filename" : "/dev/sda"
      },
      "read" : {
        "io_bytes" : 0,
        "io_kbytes" : 0,
        "bw_bytes" : 0,
        "bw" : 0,
        "iops" : 0.000000,
        "runtime" : 0,
        "total_ios" : 0,
        "short_ios" : 0,
        "drop_ios" : 0,
        "slat_ns" : {
          "min" : 0,
          "max" : 0,
          "mean" : 0.000000,
          "stddev" : 0.000000,
          "N" : 0
        },
        "clat_ns" : {
          "min" : 0,
          "max" : 0,
          "mean" : 0.000000,
          "stddev" : 0.000000,
          "N" : 0
        },
        "lat_ns" : {
          "min" : 0,
          "max" : 0,
          "mean" : 0.000000,
          "stddev" : 0.000000,
          "N" : 0
        },
        "bw_min" : 0,
        "bw_max" : 0,
        "bw_agg" : 0.000000,
        "bw_mean" : 0.000000,
        "bw_dev" : 0.000000,
        "bw_samples" : 0,
        "iops_min" : 0,
        "iops_max" : 0,
        "iops_mean" : 0.000000,
        "iops_stddev" : 0.000000,
        "iops_samples" : 0
      },
      "write" : {
        "io_bytes" : 15907217408,
        "io_kbytes" : 15534392,
        "bw_bytes" : 265115871,
        "bw" : 258902,
        "iops" : 32362.777287,
        "runtime" : 60001,
        "total_ios" : 1941799,
        "short_ios" : 0,
        "drop_ios" : 0,
        "slat_ns" : {
          "min" : 886,
          "max" : 181447,
          "mean" : 3731.153110,
          "stddev" : 1327.530847,
          "N" : 1941799
        },
        "clat_ns" : {
          "min" : 24781,
          "max" : 34207251,
          "mean" : 119145.593428,
          "stddev" : 157589.139659,
          "N" : 1941799,
          "percentile" : {
            "1.000000" : 77312,
            "5.000000" : 78336,
            "10.000000" : 80384,
            "20.000000" : 81408,
            "30.000000" : 82432,
            "40.000000" : 84480,
            "50.000000" : 103936,
            "60.000000" : 105984,
            "70.000000" : 107008,
            "80.000000" : 108032,
            "90.000000" : 111104,
            "95.000000" : 350208,
            "99.000000" : 618496,
            "99.500000" : 684032,
            "99.900000" : 954368,
            "99.950000" : 1105920,
            "99.990000" : 1875968
          },
          "bins" : {
            "24704" : 1,
            "26752" : 1,
            "27520" : 1,
            "27776" : 5,
            "28032" : 3,
            "28288" : 1,
            "28544" : 1,
            "28800" : 1,
            "29568" : 1,
            "29824" : 1,
            "30336" : 1,
            "34048" : 1,
            "36096" : 1,
            "36608" : 1,
            "39168" : 1,
            "44800" : 2,
            "45312" : 2,
            "47360" : 6,
            "47872" : 4,
            "48384" : 1,
            "48896" : 1,
            "50432" : 14,
            "50944" : 66,
            "51456" : 78,
            "51968" : 47,
            "52480" : 24,
            "52992" : 7,
            "53504" : 1,
            "54528" : 3,
            "55040" : 1,
            "55552" : 2,
            "56064" : 1,
            "57600" : 1,
            "58112" : 5,
            "58624" : 4,
            "59136" : 7,
            "59648" : 6,
            "60672" : 1,
            "61184" : 2,
            "61696" : 1,
            "63744" : 1,
            "64768" : 4,
            "65280" : 3,
            "66048" : 4,
            "67072" : 4,
            "68096" : 3,
            "69120" : 2,
            "72192" : 5,
            "74240" : 6,
            "75264" : 153,
            "76288" : 14457,
            "77312" : 59297,
            "78336" : 45474,
            "79360" : 72363,
            "80384" : 192853,
            "81408" : 155164,
            "82432" : 129206,
            "83456" : 102410,
            "84480" : 40957,
            "85504" : 18356,
            "86528" : 11049,
            "87552" : 7610,
            "88576" : 6219,
            "89600" : 4757,
            "90624" : 2618,
            "91648" : 1435,
            "92672" : 908,
            "93696" : 619,
            "94720" : 531,
            "95744" : 457,
            "96768" : 521,
            "97792" : 442,
            "98816" : 468,
            "99840" : 825,
            "100864" : 3889,
            "101888" : 15751,
            "102912" : 43353,
            "103936" : 75150,
            "104960" : 91984,
            "105984" : 135554,
            "107008" : 202278,
            "108032" : 175842,
            "109056" : 89367,
            "110080" : 35758,
            "111104" : 18516,
            "112128" : 14948,
            "113152" : 12929,
            "114176" : 9269,
            "115200" : 5232,
            "116224" : 2862,
            "117248" : 2013,
            "118272" : 1771,
            "119296" : 1314,
            "120320" : 969,
            "121344" : 722,
            "122368" : 655,
            "123392" : 537,
            "124416" : 545,
            "125440" : 587,
            "126464" : 555,
            "127488" : 587,
            "128512" : 665,
            "129536" : 668,
            "130560" : 633,
            "132096" : 1357,
            "134144" : 1147,
            "136192" : 978,
            "138240" : 740,
            "140288" : 718,
            "142336" : 899,
            "144384" : 1119,
            "146432" : 1033,
            "148480" : 495,
            "150528" : 198,
            "152576" : 105,
            "154624" : 61,
            "156672" : 38,
            "158720" : 29,
            "160768" : 31,
            "162816" : 20,
            "164864" : 18,
            "166912" : 33,
            "168960" : 25,
            "171008" : 16,
            "173056" : 21,
            "175104" : 11,
            "177152" : 10,
            "179200" : 5,
            "181248" : 11,
            "183296" : 4,
            "185344" : 9,
            "187392" : 16,
            "189440" : 28,
            "191488" : 14,
            "193536" : 20,
            "195584" : 5,
            "197632" : 11,
            "199680" : 4,
            "201728" : 7,
            "203776" : 11,
            "205824" : 18,
            "207872" : 16,
            "209920" : 25,
            "211968" : 30,
            "214016" : 29,
            "216064" : 29,
            "218112" : 49,
            "220160" : 40,
            "222208" : 111,
            "224256" : 144,
            "226304" : 298,
            "228352" : 334,
            "230400" : 399,
            "232448" : 349,
            "234496" : 222,
            "236544" : 207,
            "238592" : 203,
            "240640" : 228,
            "242688" : 191,
            "244736" : 254,
            "246784" : 225,
            "248832" : 318,
            "250880" : 350,
            "252928" : 366,
            "254976" : 462,
            "257024" : 405,
            "259072" : 335,
            "261120" : 206,
            "264192" : 240,
            "268288" : 134,
            "272384" : 80,
            "276480" : 64,
            "280576" : 153,
            "284672" : 324,
            "288768" : 435,
            "292864" : 369,
            "296960" : 226,
            "301056" : 136,
            "305152" : 102,
            "309248" : 87,
            "313344" : 80,
            "317440" : 92,
            "321536" : 62,
            "325632" : 83,
            "329728" : 95,
            "333824" : 516,
            "337920" : 2434,
            "342016" : 2080,