{
  "fio version" : "fio-3.36",
  "timestamp" : 1730906841,
  "timestamp_ms" : 1730906841933,
  "time" : "Wed Nov  6 16:27:21 2024",
  "global options" : {
    "ioengine" : "libaio",
    "direct" : "1",
    "buffered" : "0",
    "time_based" : "1",
    "runtime" : "60",
    "size" : "8G",
    "group_reporting" : "1",
    "iodepth" : "4",
    "bs" : "8k",
    "rw" : "write"
  },
  "jobs" : [
    {
      "jobname" : "Test_sda",
      "groupid" : 0,
      "job_start" : 1730906781885,
      "error" : 0,
      "eta" : 0,
      "elapsed" : 61,
      "job options" : {
        "filename" : "/dev/sdb"
      },
      "read" : {
        "io_bytes" : 0,
        "io_kbytes" : 0,
        "bw_bytes" : 0,
        "bw" : 0,
        "iops" : 0.000000,
        "runtime" : 0,
        "total_ios" : 0,
        "short_ios" : 0,
        "drop_ios" : 0,
        "slat_ns" : {
          "min" : 0,
          "max" : 0,
          "mean" : 0.000000,
          "stddev" : 0.000000,
          "N" : 0
        },
        "clat_ns" : {
          "min" : 0,
          "max" : 0,
          "mean" : 0.000000,
          "stddev" : 0.000000,
          "N" : 0
        },
        "lat_ns" : {
          "min" : 0,
          "max" : 0,
          "mean" : 0.000000,
          "stddev" : 0.000000,
          "N" : 0
        },
        "bw_min" : 0,
        "bw_max" : 0,
        "bw_agg" : 0.000000,
        "bw_mean" : 0.000000,
        "bw_dev" : 0.000000,
        "bw_samples" : 0,
        "iops_min" : 0,
        "iops_max" : 0,
        "iops_mean" : 0.000000,
        "iops_stddev" : 0.000000,
        "iops_samples" : 0
      },
      "write" : {
        "io_bytes" : 32297295872,
        "io_kbytes" : 31540328,
        "bw_bytes" : 538279293,
        "bw" : 525663,
        "iops" : 65707.921535,
        "runtime" : 60001,
        "total_ios" : 3942541,
        "short_ios" : 0,
        "drop_ios" : 0,
        "slat_ns" : {
          "min" : 879,
          "max" : 179130,
          "mean" : 3754.468203,
          "stddev" : 1355.203600,
          "N" : 3942541
        },
        "clat_ns" : {
          "min" : 18994,
          "max" : 44006659,
          "mean" : 117272.500791,
          "stddev" : 156709.405140,
          "N" : 3942541,
          "percentile" : {
            "1.000000" : 77312,
            "5.000000" : 78336,
            "10.000000" : 80384,
            "20.000000" : 81408,
            "30.000000" : 82432,
            "40.000000" : 84480,
            "50.000000" : 103936,
            "60.000000" : 105984,
            "70.000000" : 107008,
            "80.000000" : 108032,
            "90.000000" : 111104,
            "95.000000" : 257024,
            "99.000000" : 610304,
            "99.500000" : 675840,
            "99.900000" : 987136,
            "99.950000" : 1122304,
            "99.990000" : 1892352
          },
          "bins" : {
            "19072" : 1,
            "23680" : 1,
            "24448" : 1,
            "26496" : 1,
            "27520" : 12,
            "27776" : 9,
            "28032" : 5,
            "28288" : 3,
            "28544" : 7,
            "28800" : 3,
            "29056" : 3,
            "29312" : 2,
            "29568" : 1,
            "30080" : 1,
            "30336" : 2,
            "31104" : 1,
            "31616" : 3,
            "32384" : 1,
            "35584" : 1,
            "36096" : 1,
            "37120" : 1,
            "39168" : 1,
            "39680" : 1,
            "40704" : 1,
            "41216" : 3,
            "41728" : 3,
            "42240" : 1,
            "42752" : 2,
            "43264" : 1,
            "44800" : 4,
            "45312" : 1,
            "45824" : 2,
            "46336" : 4,
            "46848" : 6,
            "47360" : 7,
            "47872" : 6,
            "48384" : 7,
            "48896" : 5,
            "49408" : 4,
            "49920" : 20,
            "50432" : 91,
            "50944" : 98,
            "51456" : 79,
            "51968" : 64,
            "52480" : 48,
            "52992" : 29,
            "53504" : 15,
            "54016" : 7,
            "54528" : 6,
            "55040" : 9,
            "55552" : 9,
            "56064" : 8,
            "56576" : 3,
            "57088" : 4,
            "57600" : 7,
            "58112" : 16,
            "58624" : 10,
            "59136" : 16,
            "59648" : 8,
            "60160" : 9,
            "60672" : 17,
            "61184" : 12,
            "61696" : 9,
            "62208" : 13,
            "62720" : 7,
            "63232" : 13,
            "63744" : 20,
            "64256" : 9,
            "64768" : 16,
            "65280" : 23,
            "66048" : 34,
            "67072" : 35,
            "68096" : 49,
            "69120" : 46,
            "70144" : 32,
            "71168" : 34,
            "72192" : 30,
            "73216" : 27,
            "74240" : 33,
            "75264" : 131,
            "76288" : 14010,
            "77312" : 90670,
            "78336" : 98250,
            "79360" : 111890,
            "80384" : 298697,
            "81408" : 338954,
            "82432" : 268660,
            "83456" : 266068,
            "84480" : 126079,
            "85504" : 50392,
            "86528" : 26810,
            "87552" : 17218,
            "88576" : 13742,
            "89600" : 10438,
            "90624" : 6612,
            "91648" : 3943,
            "92672" : 2243,
            "93696" : 1534,
            "94720" : 1263,
            "95744" : 1181,
            "96768" : 1078,
            "97792" : 1122,
            "98816" : 1141,
            "99840" : 1591,
            "100864" : 6787,
            "101888" : 29484,
            "102912" : 83347,
            "103936" : 144110,
            "104960" : 178832,
            "105984" : 263194,
            "107008" : 394742,
            "108032" : 373592,
            "109056" : 217714,
            "110080" : 96176,
            "111104" : 48542,
            "112128" : 33957,
            "113152" : 27801,
            "114176" : 19657,
            "115200" : 11792,
            "116224" : 6552,
            "117248" : 4539,
            "118272" : 3799,
            "119296" : 3133,
            "120320" : 2395,
            "121344" : 1885,
            "122368" : 1431,
            "123392" : 1317,
            "124416" : 1242,
            "125440" : 1152,
            "126464" : 1187,
            "127488" : 1258,
            "128512" : 1294,
            "129536" : 1228,
            "130560" : 1184,
            "132096" : 2362,
            "134144" : 2068,
            "136192" : 1660,
            "138240" : 1341,
            "140288" : 1361,
            "142336" : 1703,
            "144384" : 2387,
            "146432" : 1936,
            "148480" : 1264,
            "150528" : 470,
            "152576" : 261,
            "154624" : 184,
            "156672" : 95,
            "158720" : 97,
            "160768" : 64,
            "162816" : 51,
            "164864" : 37,
            "166912" : 56,
            "168960" : 56,
            "171008" : 39,
            "173056" : 40,
            "175104" : 25,
            "177152" : 29,
            "179200" : 33,
            "181248" : 31,
            "183296" : 39,
            "185344" : 30,
            "187392" : 28,
            "189440" : 34,
            "191488" : 23,
            "193536" : 40,
            "195584" : 18,
            "197632" : 18,
            "199680" : 13,
            "201728" : 14,
            "203776" : 17,
            "205824" : 34,
            "207872" : 32,
            "209920" : 29,
            "211968" : 36,
            "214016" : 63,
            "216064" : 84,
            "218112" : 72,
            "220160" : 82,
            "222208" : 115,
            "224256" : 251,
            "226304" : 505,
            "228352" : 662,
            "230400" : 726,
            "232448" : 590,
            "234496" : 529,
            "236544" : 391,
            "238592" : 376,
            "240640" : 369,
            "242688" : 376,