{
  "fio version" : "fio-3.36",
  "timestamp" : 1730905877,
  "timestamp_ms" : 1730905877066,
  "time" : "Wed Nov  6 16:11:17 2024",
  "global options" : {
    "ioengine" : "libaio",
    "direct" : "1",
    "buffered" : "0",
    "time_based" : "1",
    "runtime" : "60",
    "size" : "8G",
    "group_reporting" : "1",
    "iodepth" : "4",
    "bs" : "8k",
    "rw" : "write"
  },
  "jobs" : [
    {
      "jobname" : "Test_sda",
      "groupid" : 0,
      "job_start" : 1730905817028,
      "error" : 0,
      "eta" : 0,
      "elapsed" : 61,
      "job options" : {
        "filename" : "/dev/sdb"
      },
      "read" : {
        "io_bytes" : 0,
        "io_kbytes" : 0,
        "bw_bytes" : 0,
        "bw" : 0,
        "iops" : 0.000000,
        "runtime" : 0,
        "total_ios" : 0,
        "short_ios" : 0,
        "drop_ios" : 0,
        "slat_ns" : {
          "min" : 0,
          "max" : 0,
          "mean" : 0.000000,
          "stddev" : 0.000000,
          "N" : 0
        },
        "clat_ns" : {
          "min" : 0,
          "max" : 0,
          "mean" : 0.000000,
          "stddev" : 0.000000,
          "N" : 0
        },
        "lat_ns" : {
          "min" : 0,
          "max" : 0,
          "mean" : 0.000000,
          "stddev" : 0.000000,
          "N" : 0
        },
        "bw_min" : 0,
        "bw_max" : 0,
        "bw_agg" : 0.000000,
        "bw_mean" : 0.000000,
        "bw_dev" : 0.000000,
        "bw_samples" : 0,
        "iops_min" : 0,
        "iops_max" : 0,
        "iops_mean" : 0.000000,
        "iops_stddev" : 0.000000,
        "iops_samples" : 0
      },
      "write" : {
        "io_bytes" : 31792840704,
        "io_kbytes" : 31047696,
        "bw_bytes" : 529871847,
        "bw" : 517452,
        "iops" : 64681.621973,
        "runtime" : 60001,
        "total_ios" : 3880962,
        "short_ios" : 0,
        "drop_ios" : 0,
        "slat_ns" : {
          "min" : 740,
          "max" : 74446,
          "mean" : 4059.510905,
          "stddev" : 1344.874608,
          "N" : 3880962
        },
        "clat_ns" : {
          "min" : 24795,
          "max" : 55045176,
          "mean" : 118886.794320,
          "stddev" : 171623.276638,
          "N" : 3880962,
          "percentile" : {
            "1.000000" : 78336,
            "5.000000" : 79360,
            "10.000000" : 81408,
            "20.000000" : 82432,
            "30.000000" : 83456,
            "40.000000" : 85504,
            "50.000000" : 104960,
            "60.000000" : 107008,
            "70.000000" : 108032,
            "80.000000" : 109056,
            "90.000000" : 112128,
            "95.000000" : 240640,
            "99.000000" : 610304,
            "99.500000" : 675840,
            "99.900000" : 987136,
            "99.950000" : 1122304,
            "99.990000" : 1794048
          },
          "bins" : {
            "24704" : 1,
            "24960" : 1,
            "27264" : 1,
            "27776" : 1,
            "28032" : 7,
            "28288" : 14,
            "28544" : 7,
            "28800" : 3,
            "29056" : 9,
            "29312" : 4,
            "29568" : 5,
            "29824" : 2,
            "30080" : 5,
            "30336" : 1,
            "31104" : 1,
            "31360" : 2,
            "33024" : 2,
            "33536" : 1,
            "34560" : 1,
            "36608" : 1,
            "37120" : 1,
            "38144" : 1,
            "39680" : 1,
            "41216" : 1,
            "42752" : 1,
            "43264" : 1,
            "44288" : 1,
            "45312" : 1,
            "45824" : 4,
            "46848" : 1,
            "47360" : 7,
            "47872" : 10,
            "48384" : 9,
            "48896" : 10,
            "49408" : 8,
            "49920" : 5,
            "50432" : 7,
            "50944" : 15,
            "51456" : 44,
            "51968" : 122,
            "52480" : 124,
            "52992" : 82,
            "53504" : 38,
            "54016" : 31,
            "54528" : 49,
            "55040" : 78,
            "55552" : 98,
            "56064" : 43,
            "56576" : 16,
            "57088" : 14,
            "57600" : 11,
            "58112" : 12,
            "58624" : 11,
            "59136" : 17,
            "59648" : 14,
            "60160" : 15,
            "60672" : 18,
            "61184" : 16,
            "61696" : 13,
            "62208" : 9,
            "62720" : 16,
            "63232" : 11,
            "63744" : 18,
            "64256" : 13,
            "64768" : 23,
            "65280" : 19,
            "66048" : 39,
            "67072" : 36,
            "68096" : 31,
            "69120" : 46,
            "70144" : 39,
            "71168" : 30,
            "72192" : 28,
            "73216" : 23,
            "74240" : 22,
            "75264" : 26,
            "76288" : 152,
            "77312" : 15387,
            "78336" : 92414,
            "79360" : 95856,
            "80384" : 122153,
            "81408" : 317266,
            "82432" : 327227,
            "83456" : 278669,
            "84480" : 272910,
            "85504" : 119021,
            "86528" : 45706,
            "87552" : 25122,
            "88576" : 16920,
            "89600" : 13695,
            "90624" : 10401,
            "91648" : 6347,
            "92672" : 3365,
            "93696" : 2014,
            "94720" : 1320,
            "95744" : 1077,
            "96768" : 908,
            "97792" : 989,
            "98816" : 896,
            "99840" : 797,
            "100864" : 1288,
            "101888" : 6122,
            "102912" : 29917,
            "103936" : 84246,
            "104960" : 139315,
            "105984" : 179729,
            "107008" : 267927,
            "108032" : 381074,
            "109056" : 352335,
            "110080" : 190212,
            "111104" : 75999,
            "112128" : 36582,
            "113152" : 27111,
            "114176" : 22973,
            "115200" : 16201,
            "116224" : 9495,
            "117248" : 5259,
            "118272" : 3510,
            "119296" : 2583,
            "120320" : 2297,
            "121344" : 1843,
            "122368" : 1186,
            "123392" : 983,
            "124416" : 809,
            "125440" : 798,
            "126464" : 886,
            "127488" : 854,
            "128512" : 845,
            "129536" : 988,
            "130560" : 973,
            "132096" : 1946,
            "134144" : 1899,
            "136192" : 1631,
            "138240" : 1464,
            "140288" : 1229,
            "142336" : 1463,
            "144384" : 1988,
            "146432" : 2166,
            "148480" : 1478,
            "150528" : 642,
            "152576" : 248,
            "154624" : 120,
            "156672" : 83,
            "158720" : 55,
            "160768" : 35,
            "162816" : 44,
            "164864" : 46,
            "166912" : 52,
            "168960" : 53,
            "171008" : 64,
            "173056" : 54,
            "175104" : 29,
            "177152" : 17,
            "179200" : 17,
            "181248" : 34,
            "183296" : 23,
            "185344" : 45,
            "187392" : 23,
            "189440" : 41,
            "191488" : 32,
            "193536" : 46,
            "195584" : 7,
            "197632" : 12,
            "199680" : 9,
            "201728" : 11,
            "203776" : 12,
            "205824" : 21,
            "207872" : 23,
            "209920" : 38,
            "211968" : 54,
            "214016" : 87,
            "216064" : 103,
            "218112" : 190,
            "220160" : 470,
            "222208" : 1728,
            "224256" : 4165,
            "226304" : 7370,
            "228352" : 8260,
            "230400" : 5916,
            "232448" : 4493,
            "234496" : 5146,
            "236544" : 6653,
            "238592" : 6296,
            "240640" : 4335,
            "242688" : 2144,
            "244736" : 1227,
            "246784" : 868,
            "248832" : 750,