{
  "fio version" : "fio-3.36",
  "timestamp" : 1730907927,
  "timestamp_ms" : 1730907927590,
  "time" : "Wed Nov  6 16:45:27 2024",
  "global options" : {
    "ioengine" : "libaio",
    "direct" : "1",
    "buffered" : "0",
    "time_based" : "1",
    "runtime" : "60",
    "size" : "8G",
    "group_reporting" : "1",
    "iodepth" : "4",
    "bs" : "8k",
    "rw" : "write"
  },
  "jobs" : [
    {
      "jobname" : "Test_sda",
      "groupid" : 0,
      "job_start" : 1730907867533,
      "error" : 0,
      "eta" : 0,
      "elapsed" : 61,
      "job options" : {
        "filename" : "/dev/sdc"
      },
      "read" : {
        "io_bytes" : 0,
        "io_kbytes" : 0,
        "bw_bytes" : 0,
        "bw" : 0,
        "iops" : 0.000000,
        "runtime" : 0,
        "total_ios" : 0,
        "short_ios" : 0,
        "drop_ios" : 0,
        "slat_ns" : {
          "min" : 0,
          "max" : 0,
          "mean" : 0.000000,
          "stddev" : 0.000000,
          "N" : 0
        },
        "clat_ns" : {
          "min" : 0,
          "max" : 0,
          "mean" : 0.000000,
          "stddev" : 0.000000,
          "N" : 0
        },
        "lat_ns" : {
          "min" : 0,
          "max" : 0,
          "mean" : 0.000000,
          "stddev" : 0.000000,
          "N" : 0
        },
        "bw_min" : 0,
        "bw_max" : 0,
        "bw_agg" : 0.000000,
        "bw_mean" : 0.000000,
        "bw_dev" : 0.000000,
        "bw_samples" : 0,
        "iops_min" : 0,
        "iops_max" : 0,
        "iops_mean" : 0.000000,
        "iops_stddev" : 0.000000,
        "iops_samples" : 0
      },
      "write" : {
        "io_bytes" : 48228761600,
        "io_kbytes" : 47098400,
        "bw_bytes" : 803799296,
        "bw" : 784960,
        "iops" : 98120.031333,
        "runtime" : 60001,
        "total_ios" : 5887300,
        "short_ios" : 0,
        "drop_ios" : 0,
        "slat_ns" : {
          "min" : 774,
          "max" : 164725,
          "mean" : 3771.747906,
          "stddev" : 1388.613860,
          "N" : 5887300
        },
        "clat_ns" : {
          "min" : 19569,
          "max" : 59706314,
          "mean" : 117804.432599,
          "stddev" : 171046.737504,
          "N" : 5887300,
          "percentile" : {
            "1.000000" : 77312,
            "5.000000" : 79360,
            "10.000000" : 80384,
            "20.000000" : 82432,
            "30.000000" : 83456,
            "40.000000" : 84480,
            "50.000000" : 103936,
            "60.000000" : 107008,
            "70.000000" : 108032,
            "80.000000" : 109056,
            "90.000000" : 112128,
            "95.000000" : 257024,
            "99.000000" : 618496,
            "99.500000" : 684032,
            "99.900000" : 1019904,
            "99.950000" : 1122304,
            "99.990000" : 1875968
          },
          "bins" : {
            "19584" : 1,
            "20608" : 1,
            "24448" : 1,
            "26752" : 5,
            "27008" : 5,
            "27264" : 11,
            "27520" : 15,
            "27776" : 24,
            "28032" : 23,
            "28288" : 11,
            "28544" : 9,
            "28800" : 18,
            "29056" : 7,
            "29312" : 5,
            "29568" : 1,
            "29824" : 3,
            "30080" : 1,
            "30336" : 1,
            "30592" : 1,
            "31872" : 2,
            "32384" : 2,
            "33024" : 2,
            "33536" : 1,
            "35072" : 1,
            "35584" : 2,
            "36096" : 1,
            "36608" : 2,
            "37120" : 1,
            "37632" : 1,
            "38144" : 1,
            "38656" : 2,
            "40192" : 1,
            "40704" : 2,
            "41216" : 3,
            "41728" : 3,
            "42240" : 7,
            "42752" : 8,
            "43264" : 5,
            "43776" : 8,
            "44288" : 10,
            "44800" : 1,
            "45312" : 9,
            "45824" : 6,
            "46336" : 4,
            "46848" : 4,
            "47360" : 14,
            "47872" : 9,
            "48384" : 8,
            "48896" : 12,
            "49408" : 9,
            "49920" : 12,
            "50432" : 39,
            "50944" : 103,
            "51456" : 177,
            "51968" : 202,
            "52480" : 147,
            "52992" : 65,
            "53504" : 57,
            "54016" : 23,
            "54528" : 27,
            "55040" : 24,
            "55552" : 12,
            "56064" : 16,
            "56576" : 18,
            "57088" : 10,
            "57600" : 4,
            "58112" : 14,
            "58624" : 12,
            "59136" : 8,
            "59648" : 15,
            "60160" : 15,
            "60672" : 16,
            "61184" : 19,
            "61696" : 18,
            "62208" : 12,
            "62720" : 14,
            "63232" : 12,
            "63744" : 14,
            "64256" : 18,
            "64768" : 14,
            "65280" : 17,
            "66048" : 28,
            "67072" : 33,
            "68096" : 29,
            "69120" : 42,
            "70144" : 24,
            "71168" : 31,
            "72192" : 29,
            "73216" : 26,
            "74240" : 23,
            "75264" : 62,
            "76288" : 3875,
            "77312" : 58309,
            "78336" : 143405,
            "79360" : 149046,
            "80384" : 259211,
            "81408" : 488828,
            "82432" : 476815,
            "83456" : 442465,
            "84480" : 357672,
            "85504" : 179016,
            "86528" : 76345,
            "87552" : 39322,
            "88576" : 27299,
            "89600" : 22617,
            "90624" : 18803,
            "91648" : 14045,
            "92672" : 8967,
            "93696" : 5383,
            "94720" : 3317,
            "95744" : 2384,
            "96768" : 1878,
            "97792" : 1847,
            "98816" : 1642,
            "99840" : 1752,
            "100864" : 3165,
            "101888" : 13148,
            "102912" : 48581,
            "103936" : 121041,
            "104960" : 196768,
            "105984" : 260885,
            "107008" : 379903,
            "108032" : 523147,
            "109056" : 495060,
            "110080" : 304084,
            "111104" : 142923,
            "112128" : 72991,
            "113152" : 49283,
            "114176" : 40966,
            "115200" : 31664,
            "116224" : 21815,
            "117248" : 13904,
            "118272" : 8923,
            "119296" : 6517,
            "120320" : 5076,
            "121344" : 3836,
            "122368" : 2962,
            "123392" : 2110,
            "124416" : 1899,
            "125440" : 1709,
            "126464" : 1630,
            "127488" : 1718,
            "128512" : 1724,
            "129536" : 1798,
            "130560" : 1917,
            "132096" : 3424,
            "134144" : 3341,
            "136192" : 2803,
            "138240" : 2368,
            "140288" : 1851,
            "142336" : 2126,
            "144384" : 2739,
            "146432" : 2973,
            "148480" : 2160,
            "150528" : 1093,
            "152576" : 524,
            "154624" : 315,
            "156672" : 168,
            "158720" : 95,
            "160768" : 98,
            "162816" : 54,
            "164864" : 72,
            "166912" : 79,
            "168960" : 97,
            "171008" : 82,
            "173056" : 51,
            "175104" : 40,
            "177152" : 57,
            "179200" : 28,
            "181248" : 25,
            "183296" : 30,
            "185344" : 40,
            "187392" : 36,
            "189440" : 53,
            "191488" : 61,
            "193536" : 69,
            "195584" : 72,
            "197632" : 77,
            "199680" : 79,
            "201728" : 124,
            "203776" : 127,
            "205824" : 188,
            "207872" : 241,
            "209920" : 291,
            "211968" : 345,
            "214016" : 411,
            "216064" : 345,
            "218112" : 425,
            "220160" : 381,