{
  "fio version" : "fio-3.36",
  "timestamp" : 1730906600,
  "timestamp_ms" : 1730906600716,
  "time" : "Wed Nov  6 16:23:20 2024",
  "global options" : {
    "ioengine" : "libaio",
    "direct" : "1",
    "buffered" : "0",
    "time_based" : "1",
    "runtime" : "60",
    "size" : "8G",
    "group_reporting" : "1",
    "iodepth" : "4",
    "bs" : "8k",
    "rw" : "write"
  },
  "jobs" : [
    {
      "jobname" : "Test_sda",
      "groupid" : 0,
      "job_start" : 1730906540687,
      "error" : 0,
      "eta" : 0,
      "elapsed" : 61,
      "job options" : {
        "filename" : "/dev/sdb"
      },
      "read" : {
        "io_bytes" : 0,
        "io_kbytes" : 0,
        "bw_bytes" : 0,
        "bw" : 0,
        "iops" : 0.000000,
        "runtime" : 0,
        "total_ios" : 0,
        "short_ios" : 0,
        "drop_ios" : 0,
        "slat_ns" : {
          "min" : 0,
          "max" : 0,
          "mean" : 0.000000,
          "stddev" : 0.000000,
          "N" : 0
        },
        "clat_ns" : {
          "min" : 0,
          "max" : 0,
          "mean" : 0.000000,
          "stddev" : 0.000000,
          "N" : 0
        },
        "lat_ns" : {
          "min" : 0,
          "max" : 0,
          "mean" : 0.000000,
          "stddev" : 0.000000,
          "N" : 0
        },
        "bw_min" : 0,
        "bw_max" : 0,
        "bw_agg" : 0.000000,
        "bw_mean" : 0.000000,
        "bw_dev" : 0.000000,
        "bw_samples" : 0,
        "iops_min" : 0,
        "iops_max" : 0,
        "iops_mean" : 0.000000,
        "iops_stddev" : 0.000000,
        "iops_samples" : 0
      },
      "write" : {
        "io_bytes" : 32194879488,
        "io_kbytes" : 31440312,
        "bw_bytes" : 536572381,
        "bw" : 523996,
        "iops" : 65499.558341,
        "runtime" : 60001,
        "total_ios" : 3930039,
        "short_ios" : 0,
        "drop_ios" : 0,
        "slat_ns" : {
          "min" : 842,
          "max" : 69000,
          "mean" : 3761.363380,
          "stddev" : 1345.434766,
          "N" : 3930039
        },
        "clat_ns" : {
          "min" : 19491,
          "max" : 45279265,
          "mean" : 117650.238918,
          "stddev" : 172471.527891,
          "N" : 3930039,
          "percentile" : {
            "1.000000" : 77312,
            "5.000000" : 79360,
            "10.000000" : 80384,
            "20.000000" : 82432,
            "30.000000" : 83456,
            "40.000000" : 85504,
            "50.000000" : 104960,
            "60.000000" : 107008,
            "70.000000" : 108032,
            "80.000000" : 109056,
            "90.000000" : 112128,
            "95.000000" : 158720,
            "99.000000" : 610304,
            "99.500000" : 675840,
            "99.900000" : 995328,
            "99.950000" : 1122304,
            "99.990000" : 2088960
          },
          "bins" : {
            "19584" : 2,
            "27008" : 1,
            "27264" : 3,
            "27520" : 2,
            "27776" : 5,
            "28032" : 5,
            "28288" : 4,
            "28544" : 10,
            "28800" : 4,
            "29056" : 7,
            "29312" : 3,
            "29568" : 4,
            "29824" : 1,
            "30336" : 3,
            "30592" : 2,
            "31104" : 2,
            "31360" : 1,
            "31616" : 1,
            "31872" : 1,
            "32128" : 1,
            "33024" : 2,
            "36096" : 1,
            "42240" : 3,
            "42752" : 5,
            "43264" : 4,
            "43776" : 1,
            "44288" : 2,
            "44800" : 2,
            "45312" : 2,
            "46336" : 1,
            "47360" : 2,
            "47872" : 8,
            "48384" : 5,
            "48896" : 3,
            "49408" : 2,
            "49920" : 2,
            "50432" : 14,
            "50944" : 43,
            "51456" : 75,
            "51968" : 42,
            "52480" : 39,
            "52992" : 12,
            "53504" : 17,
            "54016" : 12,
            "54528" : 9,
            "55040" : 4,
            "55552" : 8,
            "56064" : 9,
            "56576" : 4,
            "57088" : 4,
            "57600" : 4,
            "58112" : 10,
            "58624" : 6,
            "59136" : 2,
            "59648" : 5,
            "60160" : 6,
            "60672" : 6,
            "61184" : 9,
            "61696" : 7,
            "62208" : 4,
            "62720" : 5,
            "63232" : 8,
            "63744" : 4,
            "64256" : 7,
            "64768" : 10,
            "65280" : 5,
            "66048" : 15,
            "67072" : 13,
            "68096" : 13,
            "69120" : 14,
            "70144" : 17,
            "71168" : 15,
            "72192" : 19,
            "73216" : 20,
            "74240" : 8,
            "75264" : 22,
            "76288" : 1115,
            "77312" : 38131,
            "78336" : 100661,
            "79360" : 87355,
            "80384" : 173860,
            "81408" : 344307,
            "82432" : 286957,
            "83456" : 298881,
            "84480" : 235754,
            "85504" : 98699,
            "86528" : 40620,
            "87552" : 22711,
            "88576" : 16556,
            "89600" : 14542,
            "90624" : 11996,
            "91648" : 7557,
            "92672" : 4818,
            "93696" : 2941,
            "94720" : 2219,
            "95744" : 1912,
            "96768" : 1740,
            "97792" : 1707,
            "98816" : 1734,
            "99840" : 1699,
            "100864" : 2459,
            "101888" : 9529,
            "102912" : 37690,
            "103936" : 92629,
            "104960" : 138068,
            "105984" : 178049,
            "107008" : 279115,
            "108032" : 373265,
            "109056" : 312340,
            "110080" : 174919,
            "111104" : 92420,
            "112128" : 59287,
            "113152" : 44841,
            "114176" : 35010,
            "115200" : 24798,
            "116224" : 14908,
            "117248" : 8478,
            "118272" : 5799,
            "119296" : 4968,
            "120320" : 4102,
            "121344" : 3223,
            "122368" : 2680,
            "123392" : 2131,
            "124416" : 2155,
            "125440" : 2092,
            "126464" : 1949,
            "127488" : 1912,
            "128512" : 1995,
            "129536" : 1934,
            "130560" : 1832,
            "132096" : 3328,
            "134144" : 2730,
            "136192" : 2030,
            "138240" : 1537,
            "140288" : 1388,
            "142336" : 1492,
            "144384" : 2116,
            "146432" : 2092,
            "148480" : 1415,
            "150528" : 778,
            "152576" : 492,
            "154624" : 290,
            "156672" : 113,
            "158720" : 82,
            "160768" : 75,
            "162816" : 58,
            "164864" : 50,
            "166912" : 62,
            "168960" : 61,
            "171008" : 69,
            "173056" : 56,
            "175104" : 39,
            "177152" : 32,
            "179200" : 24,
            "181248" : 17,
            "183296" : 22,
            "185344" : 24,
            "187392" : 15,
            "189440" : 31,
            "191488" : 23,
            "193536" : 31,
            "195584" : 12,
            "197632" : 5,
            "199680" : 7,
            "201728" : 21,
            "203776" : 24,
            "205824" : 37,
            "207872" : 35,
            "209920" : 57,
            "211968" : 58,
            "214016" : 56,
            "216064" : 61,
            "218112" : 88,
            "220160" : 81,
            "222208" : 122,
            "224256" : 291,
            "226304" : 469,
            "228352" : 645,
            "230400" : 661,
            "232448" : 586,
            "234496" : 484,
            "236544" : 376,
            "238592" : 372,
            "240640" : 331,
            "242688" : 310,
            "244736" : 329,
            "246784" : 389,
            "248832" : 385,
            "250880" : 545,