{
  "fio version" : "fio-3.36",
  "timestamp" : 1730905032,
  "timestamp_ms" : 1730905032843,
  "time" : "Wed Nov  6 15:57:12 2024",
  "global options" : {
    "ioengine" : "libaio",
    "direct" : "1",
    "buffered" : "0",
    "time_based" : "1",
    "runtime" : "60",
    "size" : "8G",
    "group_reporting" : "1",
    "iodepth" : "4",
    "bs" : "8k",
    "rw" : "write"
  },
  "jobs" : [
    {
      "jobname" : "Test_sda",
      "groupid" : 0,
      "job_start" : 1730904972816,
      "error" : 0,
      "eta" : 0,
      "elapsed" : 61,
      "job options" : {
        "filename" : "/dev/sda"
      },
      "read" : {
        "io_bytes" : 0,
        "io_kbytes" : 0,
        "bw_bytes" : 0,
        "bw" : 0,
        "iops" : 0.000000,
        "runtime" : 0,
        "total_ios" : 0,
        "short_ios" : 0,
        "drop_ios" : 0,
        "slat_ns" : {
          "min" : 0,
          "max" : 0,
          "mean" : 0.000000,
          "stddev" : 0.000000,
          "N" : 0
        },
        "clat_ns" : {
          "min" : 0,
          "max" : 0,
          "mean" : 0.000000,
          "stddev" : 0.000000,
          "N" : 0
        },
        "lat_ns" : {
          "min" : 0,
          "max" : 0,
          "mean" : 0.000000,
          "stddev" : 0.000000,
          "N" : 0
        },
        "bw_min" : 0,
        "bw_max" : 0,
        "bw_agg" : 0.000000,
        "bw_mean" : 0.000000,
        "bw_dev" : 0.000000,
        "bw_samples" : 0,
        "iops_min" : 0,
        "iops_max" : 0,
        "iops_mean" : 0.000000,
        "iops_stddev" : 0.000000,
        "iops_samples" : 0
      },
      "write" : {
        "io_bytes" : 15846334464,
        "io_kbytes" : 15474936,
        "bw_bytes" : 264101172,
        "bw" : 257911,
        "iops" : 32238.912685,
        "runtime" : 60001,
        "total_ios" : 1934367,
        "short_ios" : 0,
        "drop_ios" : 0,
        "slat_ns" : {
          "min" : 893,
          "max" : 70667,
          "mean" : 3752.220724,
          "stddev" : 1311.090973,
          "N" : 1934367
        },
        "clat_ns" : {
          "min" : 24263,
          "max" : 26026180,
          "mean" : 119600.740683,
          "stddev" : 167094.122716,
          "N" : 1934367,
          "percentile" : {
            "1.000000" : 77312,
            "5.000000" : 79360,
            "10.000000" : 80384,
            "20.000000" : 81408,
            "30.000000" : 82432,
            "40.000000" : 84480,
            "50.000000" : 103936,
            "60.000000" : 107008,
            "70.000000" : 108032,
            "80.000000" : 109056,
            "90.000000" : 113152,
            "95.000000" : 350208,
            "99.000000" : 618496,
            "99.500000" : 675840,
            "99.900000" : 962560,
            "99.950000" : 1105920,
            "99.990000" : 2244608
          },
          "bins" : {
            "24192" : 1,
            "25216" : 1,
            "27520" : 2,
            "28032" : 4,
            "28288" : 2,
            "28544" : 2,
            "29568" : 2,
            "32128" : 2,
            "36096" : 1,
            "36608" : 2,
            "44800" : 1,
            "45312" : 3,
            "45824" : 1,
            "47360" : 1,
            "47872" : 1,
            "48384" : 1,
            "49408" : 2,
            "50432" : 5,
            "50944" : 11,
            "51456" : 20,
            "51968" : 24,
            "52480" : 18,
            "52992" : 11,
            "53504" : 7,
            "54016" : 5,
            "55552" : 1,
            "56576" : 1,
            "57088" : 1,
            "57600" : 1,
            "58624" : 1,
            "59136" : 1,
            "60160" : 1,
            "62720" : 2,
            "68096" : 2,
            "70144" : 1,
            "71168" : 1,
            "74240" : 1,
            "75264" : 32,
            "76288" : 3347,
            "77312" : 37840,
            "78336" : 52926,
            "79360" : 47486,
            "80384" : 133734,
            "81408" : 182742,
            "82432" : 129647,
            "83456" : 136147,
            "84480" : 78381,
            "85504" : 32986,
            "86528" : 15722,
            "87552" : 9853,
            "88576" : 7299,
            "89600" : 6267,
            "90624" : 4269,
            "91648" : 2385,
            "92672" : 1403,
            "93696" : 1104,
            "94720" : 906,
            "95744" : 824,
            "96768" : 823,
            "97792" : 904,
            "98816" : 924,
            "99840" : 988,
            "100864" : 2174,
            "101888" : 8580,
            "102912" : 27029,
            "103936" : 54283,
            "104960" : 73708,
            "105984" : 100227,
            "107008" : 157296,
            "108032" : 175667,
            "109056" : 118559,
            "110080" : 60235,
            "111104" : 37244,
            "112128" : 27543,
            "113152" : 22661,
            "114176" : 17556,
            "115200" : 10688,
            "116224" : 5435,
            "117248" : 3291,
            "118272" : 2768,
            "119296" : 2319,
            "120320" : 1900,
            "121344" : 1627,
            "122368" : 1358,
            "123392" : 1260,
            "124416" : 1107,
            "125440" : 1033,
            "126464" : 1122,
            "127488" : 1037,
            "128512" : 1059,
            "129536" : 1134,
            "130560" : 1061,
            "132096" : 1890,
            "134144" : 1533,
            "136192" : 979,
            "138240" : 699,
            "140288" : 605,
            "142336" : 742,
            "144384" : 939,
            "146432" : 856,
            "148480" : 609,
            "150528" : 333,
            "152576" : 239,
            "154624" : 128,
            "156672" : 46,
            "158720" : 42,
            "160768" : 32,
            "162816" : 37,
            "164864" : 23,
            "166912" : 22,
            "168960" : 23,
            "171008" : 35,
            "173056" : 24,
            "175104" : 24,
            "177152" : 24,
            "179200" : 15,
            "181248" : 15,
            "183296" : 16,
            "185344" : 18,
            "187392" : 1,
            "189440" : 8,
            "191488" : 3,
            "193536" : 8,
            "195584" : 4,
            "197632" : 8,
            "199680" : 7,
            "201728" : 9,
            "203776" : 19,
            "205824" : 17,
            "207872" : 18,
            "209920" : 19,
            "211968" : 31,
            "214016" : 27,
            "216064" : 39,
            "218112" : 42,
            "220160" : 53,
            "222208" : 80,
            "224256" : 180,
            "226304" : 296,
            "228352" : 364,
            "230400" : 445,
            "232448" : 387,
            "234496" : 288,
            "236544" : 237,
            "238592" : 199,
            "240640" : 218,
            "242688" : 167,
            "244736" : 203,
            "246784" : 254,
            "248832" : 237,
            "250880" : 268,
            "252928" : 333,
            "254976" : 361,
            "257024" : 428,
            "259072" : 320,
            "261120" : 307,
            "264192" : 384,
            "268288" : 256,
            "272384" : 169,
            "276480" : 99,
            "280576" : 137,
            "284672" : 314,
            "288768" : 423,
            "292864" : 347,
            "296960" : 236,
            "301056" : 207,
            "305152" : 123,
            "309248" : 54,
            "313344" : 64,
            "317440" : 87,
            "321536" : 104,
            "325632" : 92,
            "329728" : 88,
            "333824" : 350,
            "337920" : 1685,
            "342016" : 1474,
            "346112" : 3373,
            "350208" : 3756,
            "354304" : 2145,
            "358400" : 649,
            "362496" : 2081,
            "366592" : 4664,
            "370688" : 6640,
            "374784" : 5385,
            "378880" : 4500,
            "382976" : 4108,