{
  "fio version" : "fio-3.36",
  "timestamp" : 1730906480,
  "timestamp_ms" : 1730906480117,
  "time" : "Wed Nov  6 16:21:20 2024",
  "global options" : {
    "ioengine" : "libaio",
    "direct" : "1",
    "buffered" : "0",
    "time_based" : "1",
    "runtime" : "60",
    "size" : "8G",
    "group_reporting" : "1",
    "iodepth" : "4",
    "bs" : "8k",
    "rw" : "write"
  },
  "jobs" : [
    {
      "jobname" : "Test_sda",
      "groupid" : 0,
      "job_start" : 1730906420079,
      "error" : 0,
      "eta" : 0,
      "elapsed" : 61,
      "job options" : {
        "filename" : "/dev/sdb"
      },
      "read" : {
        "io_bytes" : 0,
        "io_kbytes" : 0,
        "bw_bytes" : 0,
        "bw" : 0,
        "iops" : 0.000000,
        "runtime" : 0,
        "total_ios" : 0,
        "short_ios" : 0,
        "drop_ios" : 0,
        "slat_ns" : {
          "min" : 0,
          "max" : 0,
          "mean" : 0.000000,
          "stddev" : 0.000000,
          "N" : 0
        },
        "clat_ns" : {
          "min" : 0,
          "max" : 0,
          "mean" : 0.000000,
          "stddev" : 0.000000,
          "N" : 0
        },
        "lat_ns" : {
          "min" : 0,
          "max" : 0,
          "mean" : 0.000000,
          "stddev" : 0.000000,
          "N" : 0
        },
        "bw_min" : 0,
        "bw_max" : 0,
        "bw_agg" : 0.000000,
        "bw_mean" : 0.000000,
        "bw_dev" : 0.000000,
        "bw_samples" : 0,
        "iops_min" : 0,
        "iops_max" : 0,
        "iops_mean" : 0.000000,
        "iops_stddev" : 0.000000,
        "iops_samples" : 0
      },
      "write" : {
        "io_bytes" : 32318513152,
        "io_kbytes" : 31561048,
        "bw_bytes" : 538632908,
        "bw" : 526008,
        "iops" : 65751.087482,
        "runtime" : 60001,
        "total_ios" : 3945131,
        "short_ios" : 0,
        "drop_ios" : 0,
        "slat_ns" : {
          "min" : 885,
          "max" : 112071,
          "mean" : 3761.174092,
          "stddev" : 1337.700325,
          "N" : 3945131
        },
        "clat_ns" : {
          "min" : 24298,
          "max" : 61564188,
          "mean" : 117188.293485,
          "stddev" : 162773.764594,
          "N" : 3945131,
          "percentile" : {
            "1.000000" : 77312,
            "5.000000" : 78336,
            "10.000000" : 80384,
            "20.000000" : 81408,
            "30.000000" : 82432,
            "40.000000" : 84480,
            "50.000000" : 103936,
            "60.000000" : 105984,
            "70.000000" : 107008,
            "80.000000" : 108032,
            "90.000000" : 110080,
            "95.000000" : 254976,
            "99.000000" : 610304,
            "99.500000" : 675840,
            "99.900000" : 987136,
            "99.950000" : 1122304,
            "99.990000" : 1843200
          },
          "bins" : {
            "24192" : 1,
            "26752" : 2,
            "27008" : 1,
            "27264" : 3,
            "27520" : 9,
            "27776" : 4,
            "28032" : 8,
            "28288" : 6,
            "28544" : 11,
            "28800" : 2,
            "29056" : 1,
            "29312" : 2,
            "29568" : 1,
            "29824" : 1,
            "30080" : 1,
            "30336" : 1,
            "30848" : 3,
            "31872" : 2,
            "32128" : 3,
            "32384" : 2,
            "33024" : 1,
            "36608" : 1,
            "37632" : 1,
            "38144" : 1,
            "38656" : 2,
            "39680" : 1,
            "40192" : 3,
            "40704" : 5,
            "41216" : 2,
            "41728" : 4,
            "42240" : 3,
            "43264" : 1,
            "43776" : 1,
            "44800" : 2,
            "45312" : 2,
            "45824" : 1,
            "46336" : 1,
            "46848" : 4,
            "47360" : 10,
            "47872" : 11,
            "48384" : 6,
            "48896" : 1,
            "49408" : 2,
            "49920" : 19,
            "50432" : 82,
            "50944" : 130,
            "51456" : 126,
            "51968" : 62,
            "52480" : 46,
            "52992" : 27,
            "53504" : 10,
            "54016" : 9,
            "54528" : 7,
            "55040" : 3,
            "55552" : 4,
            "56064" : 5,
            "56576" : 4,
            "57088" : 6,
            "57600" : 6,
            "58112" : 5,
            "58624" : 3,
            "59136" : 9,
            "59648" : 3,
            "60160" : 9,
            "60672" : 6,
            "61184" : 9,
            "61696" : 12,
            "62208" : 7,
            "62720" : 8,
            "63232" : 9,
            "63744" : 4,
            "64256" : 10,
            "64768" : 11,
            "65280" : 10,
            "66048" : 23,
            "67072" : 10,
            "68096" : 13,
            "69120" : 19,
            "70144" : 18,
            "71168" : 12,
            "72192" : 11,
            "73216" : 16,
            "74240" : 17,
            "75264" : 94,
            "76288" : 9438,
            "77312" : 85056,
            "78336" : 102026,
            "79360" : 103275,
            "80384" : 286494,
            "81408" : 349519,
            "82432" : 267336,
            "83456" : 269308,
            "84480" : 134121,
            "85504" : 52888,
            "86528" : 27118,
            "87552" : 17330,
            "88576" : 13228,
            "89600" : 10464,
            "90624" : 6788,
            "91648" : 4112,
            "92672" : 2199,
            "93696" : 1447,
            "94720" : 991,
            "95744" : 855,
            "96768" : 842,
            "97792" : 848,
            "98816" : 823,
            "99840" : 1170,
            "100864" : 5373,
            "101888" : 25854,
            "102912" : 78056,
            "103936" : 142703,
            "104960" : 182144,
            "105984" : 261054,
            "107008" : 396213,
            "108032" : 390851,
            "109056" : 234587,
            "110080" : 99290,
            "111104" : 44176,
            "112128" : 29853,
            "113152" : 24658,
            "114176" : 18561,
            "115200" : 11468,
            "116224" : 6768,
            "117248" : 4124,
            "118272" : 3275,
            "119296" : 2581,
            "120320" : 2130,
            "121344" : 1446,
            "122368" : 1053,
            "123392" : 954,
            "124416" : 864,
            "125440" : 886,
            "126464" : 874,
            "127488" : 1000,
            "128512" : 1086,
            "129536" : 1012,
            "130560" : 918,
            "132096" : 2101,
            "134144" : 1844,
            "136192" : 1792,
            "138240" : 1342,
            "140288" : 1393,
            "142336" : 1720,
            "144384" : 2257,
            "146432" : 2112,
            "148480" : 1146,
            "150528" : 468,
            "152576" : 158,
            "154624" : 105,
            "156672" : 66,
            "158720" : 65,
            "160768" : 36,
            "162816" : 35,
            "164864" : 46,
            "166912" : 34,
            "168960" : 57,
            "171008" : 42,
            "173056" : 43,
            "175104" : 44,
            "177152" : 29,
            "179200" : 33,
            "181248" : 19,
            "183296" : 23,
            "185344" : 24,
            "187392" : 18,
            "189440" : 56,
            "191488" : 34,
            "193536" : 18,
            "195584" : 22,
            "197632" : 11,
            "199680" : 4,
            "201728" : 11,
            "203776" : 13,
            "205824" : 16,
            "207872" : 41,
            "209920" : 28,
            "211968" : 51,
            "214016" : 52,
            "216064" : 100,
            "218112" : 99,
            "220160" : 97,
            "222208" : 137,
            "224256" : 263,
            "226304" : 388,
            "228352" : 570,
            "230400" : 618,
            "232448" : 517,
            "234496" : 472,
            "236544" : 433,