{
  "fio version" : "fio-3.36",
  "timestamp" : 1730904429,
  "timestamp_ms" : 1730904429868,
  "time" : "Wed Nov  6 15:47:09 2024",
  "global options" : {
    "ioengine" : "libaio",
    "direct" : "1",
    "buffered" : "0",
    "time_based" : "1",
    "runtime" : "60",
    "size" : "8G",
    "group_reporting" : "1",
    "iodepth" : "4",
    "bs" : "8k",
    "rw" : "write"
  },
  "jobs" : [
    {
      "jobname" : "Test_sda",
      "groupid" : 0,
      "job_start" : 1730904369822,
      "error" : 0,
      "eta" : 0,
      "elapsed" : 61,
      "job options" : {
        "filename" : "/dev/sda"
      },
      "read" : {
        "io_bytes" : 0,
        "io_kbytes" : 0,
        "bw_bytes" : 0,
        "bw" : 0,
        "iops" : 0.000000,
        "runtime" : 0,
        "total_ios" : 0,
        "short_ios" : 0,
        "drop_ios" : 0,
        "slat_ns" : {
          "min" : 0,
          "max" : 0,
          "mean" : 0.000000,
          "stddev" : 0.000000,
          "N" : 0
        },
        "clat_ns" : {
          "min" : 0,
          "max" : 0,
          "mean" : 0.000000,
          "stddev" : 0.000000,
          "N" : 0
        },
        "lat_ns" : {
          "min" : 0,
          "max" : 0,
          "mean" : 0.000000,
          "stddev" : 0.000000,
          "N" : 0
        },
        "bw_min" : 0,
        "bw_max" : 0,
        "bw_agg" : 0.000000,
        "bw_mean" : 0.000000,
        "bw_dev" : 0.000000,
        "bw_samples" : 0,
        "iops_min" : 0,
        "iops_max" : 0,
        "iops_mean" : 0.000000,
        "iops_stddev" : 0.000000,
        "iops_samples" : 0
      },
      "write" : {
        "io_bytes" : 15913648128,
        "io_kbytes" : 15540672,
        "bw_bytes" : 265196529,
        "bw" : 258980,
        "iops" : 32372.623194,
        "runtime" : 60007,
        "total_ios" : 1942584,
        "short_ios" : 0,
        "drop_ios" : 0,
        "slat_ns" : {
          "min" : 892,
          "max" : 179668,
          "mean" : 3709.088627,
          "stddev" : 1307.416660,
          "N" : 1942584
        },
        "clat_ns" : {
          "min" : 19276,
          "max" : 34286992,
          "mean" : 119142.664309,
          "stddev" : 152928.592071,
          "N" : 1942584,
          "percentile" : {
            "1.000000" : 77312,
            "5.000000" : 78336,
            "10.000000" : 79360,
            "20.000000" : 80384,
            "30.000000" : 82432,
            "40.000000" : 84480,
            "50.000000" : 103936,
            "60.000000" : 105984,
            "70.000000" : 107008,
            "80.000000" : 108032,
            "90.000000" : 111104,
            "95.000000" : 350208,
            "99.000000" : 618496,
            "99.500000" : 684032,
            "99.900000" : 954368,
            "99.950000" : 1089536,
            "99.990000" : 1908736
          },
          "bins" : {
            "19328" : 1,
            "23680" : 1,
            "23936" : 1,
            "24192" : 1,
            "25472" : 1,
            "26752" : 3,
            "27008" : 5,
            "27264" : 2,
            "27520" : 4,
            "27776" : 1,
            "28032" : 2,
            "28800" : 1,
            "29824" : 1,
            "30592" : 1,
            "33536" : 1,
            "35584" : 1,
            "37632" : 1,
            "38144" : 1,
            "40192" : 1,
            "40704" : 2,
            "41216" : 2,
            "42752" : 1,
            "43776" : 1,
            "44800" : 1,
            "46336" : 1,
            "47360" : 1,
            "47872" : 1,
            "48896" : 1,
            "49920" : 5,
            "50432" : 17,
            "50944" : 29,
            "51456" : 28,
            "51968" : 21,
            "52480" : 17,
            "52992" : 4,
            "53504" : 2,
            "54016" : 2,
            "54528" : 3,
            "55040" : 6,
            "56064" : 3,
            "56576" : 2,
            "57088" : 1,
            "57600" : 1,
            "58624" : 1,
            "59136" : 1,
            "59648" : 2,
            "60160" : 2,
            "60672" : 3,
            "61184" : 1,
            "61696" : 1,
            "62208" : 1,
            "62720" : 1,
            "63744" : 2,
            "64256" : 1,
            "69120" : 1,
            "70144" : 5,
            "71168" : 3,
            "72192" : 5,
            "73216" : 6,
            "74240" : 9,
            "75264" : 195,
            "76288" : 17352,
            "77312" : 60202,
            "78336" : 44444,
            "79360" : 81539,
            "80384" : 197974,
            "81408" : 148243,
            "82432" : 130768,
            "83456" : 95002,
            "84480" : 37328,
            "85504" : 17412,
            "86528" : 10611,
            "87552" : 7594,
            "88576" : 6018,
            "89600" : 4452,
            "90624" : 2419,
            "91648" : 1240,
            "92672" : 777,
            "93696" : 555,
            "94720" : 460,
            "95744" : 410,
            "96768" : 375,
            "97792" : 434,
            "98816" : 416,
            "99840" : 752,
            "100864" : 4337,
            "101888" : 16935,
            "102912" : 45771,
            "103936" : 76993,
            "104960" : 94931,
            "105984" : 143907,
            "107008" : 205030,
            "108032" : 168213,
            "109056" : 82902,
            "110080" : 34114,
            "111104" : 18966,
            "112128" : 15036,
            "113152" : 12599,
            "114176" : 8907,
            "115200" : 4867,
            "116224" : 2607,
            "117248" : 1880,
            "118272" : 1525,
            "119296" : 1305,
            "120320" : 1004,
            "121344" : 731,
            "122368" : 582,
            "123392" : 547,
            "124416" : 512,
            "125440" : 540,
            "126464" : 461,
            "127488" : 610,
            "128512" : 608,
            "129536" : 639,
            "130560" : 619,
            "132096" : 1149,
            "134144" : 1088,
            "136192" : 925,
            "138240" : 669,
            "140288" : 698,
            "142336" : 929,
            "144384" : 1188,
            "146432" : 974,
            "148480" : 449,
            "150528" : 193,
            "152576" : 73,
            "154624" : 71,
            "156672" : 56,
            "158720" : 46,
            "160768" : 32,
            "162816" : 17,
            "164864" : 27,
            "166912" : 33,
            "168960" : 22,
            "171008" : 23,
            "173056" : 25,
            "175104" : 15,
            "177152" : 6,
            "179200" : 9,
            "181248" : 15,
            "183296" : 9,
            "185344" : 12,
            "187392" : 9,
            "189440" : 8,
            "191488" : 11,
            "193536" : 20,
            "195584" : 10,
            "197632" : 4,
            "199680" : 5,
            "201728" : 12,
            "203776" : 11,
            "205824" : 12,
            "207872" : 13,
            "209920" : 25,
            "211968" : 18,
            "214016" : 42,
            "216064" : 41,
            "218112" : 55,
            "220160" : 51,
            "222208" : 71,
            "224256" : 176,
            "226304" : 277,
            "228352" : 383,
            "230400" : 447,
            "232448" : 392,
            "234496" : 258,
            "236544" : 195,
            "238592" : 195,
            "240640" : 194,
            "242688" : 183,
            "244736" : 232,
            "246784" : 236,
            "248832" : 305,
            "250880" : 317,
            "252928" : 391,
            "254976" : 401,
            "257024" : 401,
            "259072" : 331,
            "261120" : 235,
            "264192" : 277,
            "268288" : 125,
            "272384" : 86,
            "276480" : 56,
            "280576" : 138,
            "284672" : 296,
            "288768" : 399,
            "292864" : 364,
            "296960" : 219,
            "301056" : 164,