{
  "fio version" : "fio-3.36",
  "timestamp" : 1730904912,
  "timestamp_ms" : 1730904912246,
  "time" : "Wed Nov  6 15:55:12 2024",
  "global options" : {
    "ioengine" : "libaio",
    "direct" : "1",
    "buffered" : "0",
    "time_based" : "1",
    "runtime" : "60",
    "size" : "8G",
    "group_reporting" : "1",
    "iodepth" : "4",
    "bs" : "8k",
    "rw" : "write"
  },
  "jobs" : [
    {
      "jobname" : "Test_sda",
      "groupid" : 0,
      "job_start" : 1730904852210,
      "error" : 0,
      "eta" : 0,
      "elapsed" : 61,
      "job options" : {
        "filename" : "/dev/sda"
      },
      "read" : {
        "io_bytes" : 0,
        "io_kbytes" : 0,
        "bw_bytes" : 0,
        "bw" : 0,
        "iops" : 0.000000,
        "runtime" : 0,
        "total_ios" : 0,
        "short_ios" : 0,
        "drop_ios" : 0,
        "slat_ns" : {
          "min" : 0,
          "max" : 0,
          "mean" : 0.000000,
          "stddev" : 0.000000,
          "N" : 0
        },
        "clat_ns" : {
          "min" : 0,
          "max" : 0,
          "mean" : 0.000000,
          "stddev" : 0.000000,
          "N" : 0
        },
        "lat_ns" : {
          "min" : 0,
          "max" : 0,
          "mean" : 0.000000,
          "stddev" : 0.000000,
          "N" : 0
        },
        "bw_min" : 0,
        "bw_max" : 0,
        "bw_agg" : 0.000000,
        "bw_mean" : 0.000000,
        "bw_dev" : 0.000000,
        "bw_samples" : 0,
        "iops_min" : 0,
        "iops_max" : 0,
        "iops_mean" : 0.000000,
        "iops_stddev" : 0.000000,
        "iops_samples" : 0
      },
      "write" : {
        "io_bytes" : 15887687680,
        "io_kbytes" : 15515320,
        "bw_bytes" : 264790381,
        "bw" : 258584,
        "iops" : 32323.044616,
        "runtime" : 60001,
        "total_ios" : 1939415,
        "short_ios" : 0,
        "drop_ios" : 0,
        "slat_ns" : {
          "min" : 887,
          "max" : 70955,
          "mean" : 3725.937643,
          "stddev" : 1317.502005,
          "N" : 1939415
        },
        "clat_ns" : {
          "min" : 23021,
          "max" : 34034642,
          "mean" : 119304.634799,
          "stddev" : 163328.778102,
          "N" : 1939415,
          "percentile" : {
            "1.000000" : 77312,
            "5.000000" : 78336,
            "10.000000" : 80384,
            "20.000000" : 81408,
            "30.000000" : 82432,
            "40.000000" : 84480,
            "50.000000" : 103936,
            "60.000000" : 105984,
            "70.000000" : 107008,
            "80.000000" : 108032,
            "90.000000" : 112128,
            "95.000000" : 350208,
            "99.000000" : 618496,
            "99.500000" : 684032,
            "99.900000" : 954368,
            "99.950000" : 1089536,
            "99.990000" : 1908736
          },
          "bins" : {
            "22912" : 1,
            "24704" : 1,
            "27520" : 3,
            "27776" : 3,
            "28032" : 2,
            "28288" : 4,
            "28544" : 2,
            "29056" : 2,
            "29312" : 1,
            "29568" : 1,
            "30848" : 1,
            "32128" : 1,
            "33024" : 1,
            "36608" : 1,
            "45312" : 1,
            "46848" : 1,
            "47360" : 5,
            "48384" : 4,
            "48896" : 1,
            "50432" : 4,
            "50944" : 23,
            "51456" : 44,
            "51968" : 30,
            "52480" : 15,
            "52992" : 3,
            "53504" : 7,
            "54016" : 4,
            "54528" : 2,
            "55040" : 3,
            "55552" : 4,
            "56064" : 1,
            "57088" : 1,
            "57600" : 3,
            "58112" : 1,
            "58624" : 2,
            "59136" : 3,
            "59648" : 1,
            "60160" : 2,
            "60672" : 1,
            "61184" : 1,
            "61696" : 2,
            "62208" : 1,
            "66048" : 1,
            "67072" : 2,
            "68096" : 2,
            "69120" : 3,
            "70144" : 1,
            "71168" : 2,
            "72192" : 3,
            "74240" : 1,
            "75264" : 74,
            "76288" : 9054,
            "77312" : 54359,
            "78336" : 48670,
            "79360" : 59957,
            "80384" : 175953,
            "81408" : 168919,
            "82432" : 128529,
            "83456" : 116931,
            "84480" : 50448,
            "85504" : 22087,
            "86528" : 12470,
            "87552" : 8283,
            "88576" : 6842,
            "89600" : 5364,
            "90624" : 3188,
            "91648" : 1716,
            "92672" : 1059,
            "93696" : 733,
            "94720" : 591,
            "95744" : 624,
            "96768" : 574,
            "97792" : 557,
            "98816" : 573,
            "99840" : 813,
            "100864" : 3115,
            "101888" : 13228,
            "102912" : 37967,
            "103936" : 69510,
            "104960" : 85437,
            "105984" : 122767,
            "107008" : 189938,
            "108032" : 177240,
            "109056" : 97358,
            "110080" : 43124,
            "111104" : 24182,
            "112128" : 18511,
            "113152" : 15845,
            "114176" : 11238,
            "115200" : 6425,
            "116224" : 3402,
            "117248" : 2351,
            "118272" : 1900,
            "119296" : 1576,
            "120320" : 1346,
            "121344" : 994,
            "122368" : 877,
            "123392" : 797,
            "124416" : 708,
            "125440" : 678,
            "126464" : 809,
            "127488" : 690,
            "128512" : 786,
            "129536" : 713,
            "130560" : 759,
            "132096" : 1370,
            "134144" : 1175,
            "136192" : 914,
            "138240" : 704,
            "140288" : 763,
            "142336" : 868,
            "144384" : 1127,
            "146432" : 1004,
            "148480" : 509,
            "150528" : 265,
            "152576" : 110,
            "154624" : 90,
            "156672" : 50,
            "158720" : 30,
            "160768" : 35,
            "162816" : 26,
            "164864" : 23,
            "166912" : 29,
            "168960" : 33,
            "171008" : 28,
            "173056" : 19,
            "175104" : 9,
            "177152" : 5,
            "179200" : 18,
            "181248" : 15,
            "183296" : 18,
            "185344" : 17,
            "187392" : 7,
            "189440" : 27,
            "191488" : 14,
            "193536" : 16,
            "195584" : 16,
            "197632" : 19,
            "199680" : 2,
            "201728" : 3,
            "203776" : 12,
            "205824" : 11,
            "207872" : 20,
            "209920" : 15,
            "211968" : 43,
            "214016" : 36,
            "216064" : 29,
            "218112" : 40,
            "220160" : 53,
            "222208" : 83,
            "224256" : 190,
            "226304" : 279,
            "228352" : 385,
            "230400" : 389,
            "232448" : 360,
            "234496" : 261,
            "236544" : 206,
            "238592" : 173,
            "240640" : 177,
            "242688" : 209,
            "244736" : 233,
            "246784" : 252,
            "248832" : 274,
            "250880" : 329,
            "252928" : 335,
            "254976" : 399,
            "257024" : 361,
            "259072" : 279,
            "261120" : 249,
            "264192" : 272,
            "268288" : 147,
            "272384" : 77,
            "276480" : 66,
            "280576" : 175,
            "284672" : 345,
            "288768" : 396,
            "292864" : 385,
            "296960" : 241,
            "301056" : 169,
            "305152" : 155,
            "309248" : 81,
            "313344" : 58,
            "317440" : 63,
            "321536" : 59,
            "325632" : 70,
            "329728" : 86,
            "333824" : 438,
            "337920" : 2115,