{
  "fio version" : "fio-3.36",
  "timestamp" : 1730908410,
  "timestamp_ms" : 1730908410080,
  "time" : "Wed Nov  6 16:53:30 2024",
  "global options" : {
    "ioengine" : "libaio",
    "direct" : "1",
    "buffered" : "0",
    "time_based" : "1",
    "runtime" : "60",
    "size" : "8G",
    "group_reporting" : "1",
    "iodepth" : "4",
    "bs" : "8k",
    "rw" : "write"
  },
  "jobs" : [
    {
      "jobname" : "Test_sda",
      "groupid" : 0,
      "job_start" : 1730908350054,
      "error" : 0,
      "eta" : 0,
      "elapsed" : 61,
      "job options" : {
        "filename" : "/dev/sdc"
      },
      "read" : {
        "io_bytes" : 0,
        "io_kbytes" : 0,
        "bw_bytes" : 0,
        "bw" : 0,
        "iops" : 0.000000,
        "runtime" : 0,
        "total_ios" : 0,
        "short_ios" : 0,
        "drop_ios" : 0,
        "slat_ns" : {
          "min" : 0,
          "max" : 0,
          "mean" : 0.000000,
          "stddev" : 0.000000,
          "N" : 0
        },
        "clat_ns" : {
          "min" : 0,
          "max" : 0,
          "mean" : 0.000000,
          "stddev" : 0.000000,
          "N" : 0
        },
        "lat_ns" : {
          "min" : 0,
          "max" : 0,
          "mean" : 0.000000,
          "stddev" : 0.000000,
          "N" : 0
        },
        "bw_min" : 0,
        "bw_max" : 0,
        "bw_agg" : 0.000000,
        "bw_mean" : 0.000000,
        "bw_dev" : 0.000000,
        "bw_samples" : 0,
        "iops_min" : 0,
        "iops_max" : 0,
        "iops_mean" : 0.000000,
        "iops_stddev" : 0.000000,
        "iops_samples" : 0
      },
      "write" : {
        "io_bytes" : 48351477760,
        "io_kbytes" : 47218240,
        "bw_bytes" : 805844531,
        "bw" : 786957,
        "iops" : 98369.693838,
        "runtime" : 60001,
        "total_ios" : 5902280,
        "short_ios" : 0,
        "drop_ios" : 0,
        "slat_ns" : {
          "min" : 870,
          "max" : 168180,
          "mean" : 3764.203945,
          "stddev" : 1367.187823,
          "N" : 5902280
        },
        "clat_ns" : {
          "min" : 24977,
          "max" : 36385724,
          "mean" : 117505.745004,
          "stddev" : 153093.283932,
          "N" : 5902280,
          "percentile" : {
            "1.000000" : 77312,
            "5.000000" : 79360,
            "10.000000" : 80384,
            "20.000000" : 81408,
            "30.000000" : 83456,
            "40.000000" : 84480,
            "50.000000" : 103936,
            "60.000000" : 107008,
            "70.000000" : 108032,
            "80.000000" : 109056,
            "90.000000" : 111104,
            "95.000000" : 257024,
            "99.000000" : 610304,
            "99.500000" : 684032,
            "99.900000" : 1011712,
            "99.950000" : 1122304,
            "99.990000" : 1859584
          },
          "bins" : {
            "24960" : 1,
            "26752" : 3,
            "27008" : 2,
            "27264" : 14,
            "27520" : 20,
            "27776" : 27,
            "28032" : 24,
            "28288" : 18,
            "28544" : 6,
            "28800" : 5,
            "29056" : 3,
            "29312" : 4,
            "29568" : 1,
            "29824" : 1,
            "30336" : 2,
            "30592" : 1,
            "30848" : 1,
            "32384" : 1,
            "32640" : 1,
            "33024" : 2,
            "36096" : 1,
            "37632" : 2,
            "38656" : 2,
            "39168" : 4,
            "39680" : 3,
            "40192" : 1,
            "40704" : 3,
            "41216" : 1,
            "41728" : 8,
            "42240" : 6,
            "42752" : 7,
            "43264" : 5,
            "43776" : 5,
            "44288" : 4,
            "44800" : 4,
            "45312" : 2,
            "46336" : 3,
            "46848" : 1,
            "47360" : 6,
            "47872" : 11,
            "48384" : 15,
            "48896" : 7,
            "49408" : 10,
            "49920" : 10,
            "50432" : 20,
            "50944" : 50,
            "51456" : 90,
            "51968" : 98,
            "52480" : 72,
            "52992" : 44,
            "53504" : 29,
            "54016" : 28,
            "54528" : 26,
            "55040" : 20,
            "55552" : 106,
            "56064" : 164,
            "56576" : 335,
            "57088" : 474,
            "57600" : 290,
            "58112" : 164,
            "58624" : 97,
            "59136" : 45,
            "59648" : 37,
            "60160" : 47,
            "60672" : 44,
            "61184" : 59,
            "61696" : 70,
            "62208" : 109,
            "62720" : 115,
            "63232" : 170,
            "63744" : 250,
            "64256" : 196,
            "64768" : 153,
            "65280" : 94,
            "66048" : 120,
            "67072" : 120,
            "68096" : 89,
            "69120" : 96,
            "70144" : 80,
            "71168" : 58,
            "72192" : 66,
            "73216" : 50,
            "74240" : 30,
            "75264" : 63,
            "76288" : 2259,
            "77312" : 67795,
            "78336" : 166830,
            "79360" : 139282,
            "80384" : 276342,
            "81408" : 551871,
            "82432" : 451854,
            "83456" : 448989,
            "84480" : 325073,
            "85504" : 127279,
            "86528" : 56645,
            "87552" : 33181,
            "88576" : 23948,
            "89600" : 20385,
            "90624" : 15217,
            "91648" : 9635,
            "92672" : 5519,
            "93696" : 3378,
            "94720" : 2368,
            "95744" : 1793,
            "96768" : 1579,
            "97792" : 1536,
            "98816" : 1499,
            "99840" : 1507,
            "100864" : 2906,
            "101888" : 14877,
            "102912" : 60267,
            "103936" : 147854,
            "104960" : 220459,
            "105984" : 280058,
            "107008" : 434205,
            "108032" : 582935,
            "109056" : 487019,
            "110080" : 253482,
            "111104" : 107564,
            "112128" : 59671,
            "113152" : 45907,
            "114176" : 38575,
            "115200" : 27713,
            "116224" : 16235,
            "117248" : 9761,
            "118272" : 6574,
            "119296" : 5148,
            "120320" : 3989,
            "121344" : 3215,
            "122368" : 2410,
            "123392" : 1966,
            "124416" : 1825,
            "125440" : 1748,
            "126464" : 1779,
            "127488" : 1850,
            "128512" : 1894,
            "129536" : 1665,
            "130560" : 1859,
            "132096" : 3633,
            "134144" : 3149,
            "136192" : 2744,
            "138240" : 2253,
            "140288" : 1956,
            "142336" : 2274,
            "144384" : 3010,
            "146432" : 3298,
            "148480" : 2109,
            "150528" : 893,
            "152576" : 490,
            "154624" : 224,
            "156672" : 167,
            "158720" : 115,
            "160768" : 80,
            "162816" : 67,
            "164864" : 75,
            "166912" : 85,
            "168960" : 80,
            "171008" : 78,
            "173056" : 57,
            "175104" : 59,
            "177152" : 60,
            "179200" : 36,
            "181248" : 47,
            "183296" : 23,
            "185344" : 32,
            "187392" : 39,
            "189440" : 45,
            "191488" : 39,
            "193536" : 42,
            "195584" : 33,
            "197632" : 23,
            "199680" : 13,
            "201728" : 19,
            "203776" : 26,
            "205824" : 29,
            "207872" : 47,
            "209920" : 53,
            "211968" : 64,
            "214016" : 108,
            "216064" : 106,
            "218112" : 157,
            "220160" : 158,
            "222208" : 250,
            "224256" : 386,
            "226304" : 775,
            "228352" : 1027,
            "230400" : 1118,
            "232448" : 940,