{
  "fio version" : "fio-3.36",
  "timestamp" : 1730904671,
  "timestamp_ms" : 1730904671053,
  "time" : "Wed Nov  6 15:51:11 2024",
  "global options" : {
    "ioengine" : "libaio",
    "direct" : "1",
    "buffered" : "0",
    "time_based" : "1",
    "runtime" : "60",
    "size" : "8G",
    "group_reporting" : "1",
    "iodepth" : "4",
    "bs" : "8k",
    "rw" : "write"
  },
  "jobs" : [
    {
      "jobname" : "Test_sda",
      "groupid" : 0,
      "job_start" : 1730904611025,
      "error" : 0,
      "eta" : 0,
      "elapsed" : 61,
      "job options" : {
        "filename" : "/dev/sda"
      },
      "read" : {
        "io_bytes" : 0,
        "io_kbytes" : 0,
        "bw_bytes" : 0,
        "bw" : 0,
        "iops" : 0.000000,
        "runtime" : 0,
        "total_ios" : 0,
        "short_ios" : 0,
        "drop_ios" : 0,
        "slat_ns" : {
          "min" : 0,
          "max" : 0,
          "mean" : 0.000000,
          "stddev" : 0.000000,
          "N" : 0
        },
        "clat_ns" : {
          "min" : 0,
          "max" : 0,
          "mean" : 0.000000,
          "stddev" : 0.000000,
          "N" : 0
        },
        "lat_ns" : {
          "min" : 0,
          "max" : 0,
          "mean" : 0.000000,
          "stddev" : 0.000000,
          "N" : 0
        },
        "bw_min" : 0,
        "bw_max" : 0,
        "bw_agg" : 0.000000,
        "bw_mean" : 0.000000,
        "bw_dev" : 0.000000,
        "bw_samples" : 0,
        "iops_min" : 0,
        "iops_max" : 0,
        "iops_mean" : 0.000000,
        "iops_stddev" : 0.000000,
        "iops_samples" : 0
      },
      "write" : {
        "io_bytes" : 15913271296,
        "io_kbytes" : 15540304,
        "bw_bytes" : 265216767,
        "bw" : 259000,
        "iops" : 32375.093748,
        "runtime" : 60001,
        "total_ios" : 1942538,
        "short_ios" : 0,
        "drop_ios" : 0,
        "slat_ns" : {
          "min" : 890,
          "max" : 179778,
          "mean" : 3735.700918,
          "stddev" : 1316.597264,
          "N" : 1942538
        },
        "clat_ns" : {
          "min" : 27338,
          "max" : 35870989,
          "mean" : 119098.295242,
          "stddev" : 158369.083993,
          "N" : 1942538,
          "percentile" : {
            "1.000000" : 77312,
            "5.000000" : 78336,
            "10.000000" : 80384,
            "20.000000" : 81408,
            "30.000000" : 82432,
            "40.000000" : 84480,
            "50.000000" : 103936,
            "60.000000" : 105984,
            "70.000000" : 107008,
            "80.000000" : 108032,
            "90.000000" : 111104,
            "95.000000" : 350208,
            "99.000000" : 618496,
            "99.500000" : 684032,
            "99.900000" : 946176,
            "99.950000" : 1089536,
            "99.990000" : 1875968
          },
          "bins" : {
            "27264" : 4,
            "27520" : 2,
            "27776" : 5,
            "28032" : 2,
            "28288" : 2,
            "28544" : 1,
            "29568" : 1,
            "29824" : 1,
            "30336" : 1,
            "32384" : 1,
            "32640" : 1,
            "34048" : 1,
            "34560" : 1,
            "36096" : 1,
            "42752" : 1,
            "46336" : 2,
            "47360" : 3,
            "47872" : 3,
            "48384" : 2,
            "49920" : 1,
            "50432" : 8,
            "50944" : 35,
            "51456" : 38,
            "51968" : 34,
            "52480" : 19,
            "52992" : 6,
            "53504" : 2,
            "54016" : 4,
            "54528" : 4,
            "55040" : 3,
            "55552" : 1,
            "56064" : 1,
            "56576" : 2,
            "58624" : 1,
            "59136" : 1,
            "59648" : 2,
            "60160" : 1,
            "60672" : 5,
            "61184" : 4,
            "62720" : 1,
            "63744" : 1,
            "64256" : 1,
            "66048" : 1,
            "67072" : 2,
            "71168" : 1,
            "72192" : 2,
            "73216" : 2,
            "74240" : 2,
            "75264" : 62,
            "76288" : 6372,
            "77312" : 51477,
            "78336" : 53361,
            "79360" : 54656,
            "80384" : 171262,
            "81408" : 179770,
            "82432" : 127511,
            "83456" : 123086,
            "84480" : 49263,
            "85504" : 20870,
            "86528" : 12078,
            "87552" : 8244,
            "88576" : 6583,
            "89600" : 5366,
            "90624" : 3393,
            "91648" : 1803,
            "92672" : 1061,
            "93696" : 743,
            "94720" : 550,
            "95744" : 446,
            "96768" : 532,
            "97792" : 483,
            "98816" : 502,
            "99840" : 634,
            "100864" : 2558,
            "101888" : 11691,
            "102912" : 35357,
            "103936" : 68401,
            "104960" : 88058,
            "105984" : 122485,
            "107008" : 190292,
            "108032" : 189211,
            "109056" : 107057,
            "110080" : 42833,
            "111104" : 19952,
            "112128" : 14123,
            "113152" : 12683,
            "114176" : 9633,
            "115200" : 5811,
            "116224" : 3152,
            "117248" : 2070,
            "118272" : 1686,
            "119296" : 1373,
            "120320" : 1044,
            "121344" : 742,
            "122368" : 627,
            "123392" : 539,
            "124416" : 557,
            "125440" : 519,
            "126464" : 565,
            "127488" : 640,
            "128512" : 600,
            "129536" : 567,
            "130560" : 670,
            "132096" : 1177,
            "134144" : 1072,
            "136192" : 894,
            "138240" : 713,
            "140288" : 766,
            "142336" : 846,
            "144384" : 1123,
            "146432" : 986,
            "148480" : 561,
            "150528" : 193,
            "152576" : 136,
            "154624" : 74,
            "156672" : 27,
            "158720" : 36,
            "160768" : 28,
            "162816" : 22,
            "164864" : 22,
            "166912" : 30,
            "168960" : 33,
            "171008" : 30,
            "173056" : 17,
            "175104" : 29,
            "177152" : 19,
            "179200" : 18,
            "181248" : 21,
            "183296" : 11,
            "185344" : 11,
            "187392" : 16,
            "189440" : 14,
            "191488" : 17,
            "193536" : 14,
            "195584" : 1,
            "197632" : 2,
            "199680" : 5,
            "201728" : 10,
            "203776" : 16,
            "205824" : 18,
            "207872" : 17,
            "209920" : 20,
            "211968" : 31,
            "214016" : 38,
            "216064" : 39,
            "218112" : 39,
            "220160" : 51,
            "222208" : 78,
            "224256" : 153,
            "226304" : 288,
            "228352" : 358,
            "230400" : 470,
            "232448" : 320,
            "234496" : 266,
            "236544" : 185,
            "238592" : 196,
            "240640" : 210,
            "242688" : 210,
            "244736" : 249,
            "246784" : 303,
            "248832" : 291,
            "250880" : 319,
            "252928" : 417,
            "254976" : 406,
            "257024" : 431,
            "259072" : 268,
            "261120" : 232,
            "264192" : 272,
            "268288" : 164,
            "272384" : 72,
            "276480" : 64,
            "280576" : 184,
            "284672" : 304,
            "288768" : 409,
            "292864" : 300,
            "296960" : 225,
            "301056" : 135,
            "305152" : 97,
            "309248" : 47,
            "313344" : 67,
            "317440" : 89,
            "321536" : 78,
            "325632" : 82,
            "329728" : 68,
            "333824" : 406,
            "337920" : 2066,
            "342016" : 1874,
            "346112" : 4430,