{
  "fio version" : "fio-3.36",
  "timestamp" : 1730908048,
  "timestamp_ms" : 1730908048216,
  "time" : "Wed Nov  6 16:47:28 2024",
  "global options" : {
    "ioengine" : "libaio",
    "direct" : "1",
    "buffered" : "0",
    "time_based" : "1",
    "runtime" : "60",
    "size" : "8G",
    "group_reporting" : "1",
    "iodepth" : "4",
    "bs" : "8k",
    "rw" : "write"
  },
  "jobs" : [
    {
      "jobname" : "Test_sda",
      "groupid" : 0,
      "job_start" : 1730907988179,
      "error" : 0,
      "eta" : 0,
      "elapsed" : 61,
      "job options" : {
        "filename" : "/dev/sdc"
      },
      "read" : {
        "io_bytes" : 0,
        "io_kbytes" : 0,
        "bw_bytes" : 0,
        "bw" : 0,
        "iops" : 0.000000,
        "runtime" : 0,
        "total_ios" : 0,
        "short_ios" : 0,
        "drop_ios" : 0,
        "slat_ns" : {
          "min" : 0,
          "max" : 0,
          "mean" : 0.000000,
          "stddev" : 0.000000,
          "N" : 0
        },
        "clat_ns" : {
          "min" : 0,
          "max" : 0,
          "mean" : 0.000000,
          "stddev" : 0.000000,
          "N" : 0
        },
        "lat_ns" : {
          "min" : 0,
          "max" : 0,
          "mean" : 0.000000,
          "stddev" : 0.000000,
          "N" : 0
        },
        "bw_min" : 0,
        "bw_max" : 0,
        "bw_agg" : 0.000000,
        "bw_mean" : 0.000000,
        "bw_dev" : 0.000000,
        "bw_samples" : 0,
        "iops_min" : 0,
        "iops_max" : 0,
        "iops_mean" : 0.000000,
        "iops_stddev" : 0.000000,
        "iops_samples" : 0
      },
      "write" : {
        "io_bytes" : 47936380928,
        "io_kbytes" : 46812872,
        "bw_bytes" : 798926366,
        "bw" : 780201,
        "iops" : 97525.191247,
        "runtime" : 60001,
        "total_ios" : 5851609,
        "short_ios" : 0,
        "drop_ios" : 0,
        "slat_ns" : {
          "min" : 735,
          "max" : 183416,
          "mean" : 3760.705138,
          "stddev" : 1367.107313,
          "N" : 5851609
        },
        "clat_ns" : {
          "min" : 25544,
          "max" : 359070157,
          "mean" : 118564.047230,
          "stddev" : 465760.096908,
          "N" : 5851609,
          "percentile" : {
            "1.000000" : 77312,
            "5.000000" : 79360,
            "10.000000" : 80384,
            "20.000000" : 82432,
            "30.000000" : 83456,
            "40.000000" : 84480,
            "50.000000" : 103936,
            "60.000000" : 107008,
            "70.000000" : 108032,
            "80.000000" : 109056,
            "90.000000" : 112128,
            "95.000000" : 250880,
            "99.000000" : 618496,
            "99.500000" : 684032,
            "99.900000" : 1019904,
            "99.950000" : 1122304,
            "99.990000" : 2113536
          },
          "bins" : {
            "25472" : 1,
            "25984" : 1,
            "26496" : 1,
            "26752" : 9,
            "27008" : 5,
            "27264" : 5,
            "27520" : 14,
            "27776" : 12,
            "28032" : 17,
            "28288" : 11,
            "28544" : 18,
            "28800" : 12,
            "29056" : 3,
            "29312" : 7,
            "29824" : 4,
            "30336" : 2,
            "31104" : 4,
            "31872" : 2,
            "32128" : 2,
            "32640" : 1,
            "34048" : 1,
            "35072" : 1,
            "36096" : 1,
            "37120" : 2,
            "38144" : 5,
            "38656" : 2,
            "39168" : 3,
            "39680" : 4,
            "40192" : 4,
            "40704" : 1,
            "41216" : 2,
            "41728" : 2,
            "42240" : 8,
            "42752" : 6,
            "43264" : 5,
            "43776" : 5,
            "44288" : 3,
            "44800" : 6,
            "45312" : 3,
            "45824" : 2,
            "46336" : 2,
            "46848" : 9,
            "47360" : 16,
            "47872" : 8,
            "48384" : 10,
            "48896" : 12,
            "49408" : 6,
            "49920" : 7,
            "50432" : 39,
            "50944" : 140,
            "51456" : 217,
            "51968" : 201,
            "52480" : 112,
            "52992" : 75,
            "53504" : 47,
            "54016" : 34,
            "54528" : 26,
            "55040" : 19,
            "55552" : 24,
            "56064" : 19,
            "56576" : 31,
            "57088" : 44,
            "57600" : 42,
            "58112" : 75,
            "58624" : 73,
            "59136" : 71,
            "59648" : 66,
            "60160" : 92,
            "60672" : 81,
            "61184" : 77,
            "61696" : 82,
            "62208" : 80,
            "62720" : 137,
            "63232" : 88,
            "63744" : 92,
            "64256" : 88,
            "64768" : 89,
            "65280" : 101,
            "66048" : 181,
            "67072" : 152,
            "68096" : 175,
            "69120" : 175,
            "70144" : 106,
            "71168" : 115,
            "72192" : 84,
            "73216" : 89,
            "74240" : 70,
            "75264" : 78,
            "76288" : 1387,
            "77312" : 53378,
            "78336" : 158648,
            "79360" : 139658,
            "80384" : 257648,
            "81408" : 538403,
            "82432" : 457399,
            "83456" : 454132,
            "84480" : 350011,
            "85504" : 148191,
            "86528" : 64639,
            "87552" : 36380,
            "88576" : 26195,
            "89600" : 21774,
            "90624" : 16901,
            "91648" : 11620,
            "92672" : 6751,
            "93696" : 4658,
            "94720" : 3251,
            "95744" : 2689,
            "96768" : 2670,
            "97792" : 2654,
            "98816" : 2474,
            "99840" : 2493,
            "100864" : 3316,
            "101888" : 12897,
            "102912" : 50736,
            "103936" : 126704,
            "104960" : 198872,
            "105984" : 259557,
            "107008" : 394042,
            "108032" : 534767,
            "109056" : 469128,
            "110080" : 265491,
            "111104" : 130005,
            "112128" : 80004,
            "113152" : 60629,
            "114176" : 48521,
            "115200" : 34197,
            "116224" : 20847,
            "117248" : 12118,
            "118272" : 8100,
            "119296" : 6657,
            "120320" : 5470,
            "121344" : 4285,
            "122368" : 3441,
            "123392" : 2989,
            "124416" : 2805,
            "125440" : 2568,
            "126464" : 2488,
            "127488" : 2615,
            "128512" : 2627,
            "129536" : 2657,
            "130560" : 2532,
            "132096" : 4743,
            "134144" : 3873,
            "136192" : 3058,
            "138240" : 2282,
            "140288" : 1972,
            "142336" : 2293,
            "144384" : 2960,
            "146432" : 3067,
            "148480" : 2025,
            "150528" : 1099,
            "152576" : 666,
            "154624" : 463,
            "156672" : 188,
            "158720" : 151,
            "160768" : 115,
            "162816" : 83,
            "164864" : 85,
            "166912" : 85,
            "168960" : 65,
            "171008" : 65,
            "173056" : 45,
            "175104" : 52,
            "177152" : 40,
            "179200" : 41,
            "181248" : 49,
            "183296" : 31,
            "185344" : 45,
            "187392" : 28,
            "189440" : 47,
            "191488" : 66,
            "193536" : 62,
            "195584" : 30,
            "197632" : 15,
            "199680" : 24,
            "201728" : 20,
            "203776" : 23,
            "205824" : 23,
            "207872" : 35,
            "209920" : 36,
            "211968" : 73,
            "214016" : 63,
            "216064" : 130,
            "218112" : 154,
            "220160" : 121,
            "222208" : 196,
            "224256" : 353,