{
  "fio version" : "fio-3.36",
  "timestamp" : 1730903344,
  "timestamp_ms" : 1730903344477,
  "time" : "Wed Nov  6 15:29:04 2024",
  "global options" : {
    "ioengine" : "libaio",
    "direct" : "1",
    "buffered" : "0",
    "time_based" : "1",
    "runtime" : "60",
    "size" : "8G",
    "group_reporting" : "1",
    "iodepth" : "4",
    "bs" : "8k",
    "rw" : "write"
  },
  "jobs" : [
    {
      "jobname" : "Test_sda",
      "groupid" : 0,
      "job_start" : 1730903284451,
      "error" : 0,
      "eta" : 0,
      "elapsed" : 61,
      "job options" : {
        "filename" : "/dev/sda"
      },
      "read" : {
        "io_bytes" : 0,
        "io_kbytes" : 0,
        "bw_bytes" : 0,
        "bw" : 0,
        "iops" : 0.000000,
        "runtime" : 0,
        "total_ios" : 0,
        "short_ios" : 0,
        "drop_ios" : 0,
        "slat_ns" : {
          "min" : 0,
          "max" : 0,
          "mean" : 0.000000,
          "stddev" : 0.000000,
          "N" : 0
        },
        "clat_ns" : {
          "min" : 0,
          "max" : 0,
          "mean" : 0.000000,
          "stddev" : 0.000000,
          "N" : 0
        },
        "lat_ns" : {
          "min" : 0,
          "max" : 0,
          "mean" : 0.000000,
          "stddev" : 0.000000,
          "N" : 0
        },
        "bw_min" : 0,
        "bw_max" : 0,
        "bw_agg" : 0.000000,
        "bw_mean" : 0.000000,
        "bw_dev" : 0.000000,
        "bw_samples" : 0,
        "iops_min" : 0,
        "iops_max" : 0,
        "iops_mean" : 0.000000,
        "iops_stddev" : 0.000000,
        "iops_samples" : 0
      },
      "write" : {
        "io_bytes" : 15878012928,
        "io_kbytes" : 15505872,
        "bw_bytes" : 264629138,
        "bw" : 258426,
        "iops" : 32303.361611,
        "runtime" : 60001,
        "total_ios" : 1938234,
        "short_ios" : 0,
        "drop_ios" : 0,
        "slat_ns" : {
          "min" : 916,
          "max" : 85552,
          "mean" : 3782.355211,
          "stddev" : 1315.255960,
          "N" : 1938234
        },
        "clat_ns" : {
          "min" : 19573,
          "max" : 56136546,
          "mean" : 119327.217705,
          "stddev" : 173476.280122,
          "N" : 1938234,
          "percentile" : {
            "1.000000" : 76288,
            "5.000000" : 78336,
            "10.000000" : 79360,
            "20.000000" : 80384,
            "30.000000" : 82432,
            "40.000000" : 83456,
            "50.000000" : 103936,
            "60.000000" : 105984,
            "70.000000" : 107008,
            "80.000000" : 108032,
            "90.000000" : 111104,
            "95.000000" : 350208,
            "99.000000" : 618496,
            "99.500000" : 684032,
            "99.900000" : 962560,
            "99.950000" : 1089536,
            "99.990000" : 1908736
          },
          "bins" : {
            "19584" : 1,
            "19840" : 1,
            "24960" : 1,
            "27008" : 1,
            "27776" : 2,
            "28032" : 1,
            "28544" : 1,
            "29312" : 1,
            "29568" : 1,
            "29824" : 1,
            "36096" : 1,
            "36608" : 1,
            "37120" : 1,
            "44800" : 1,
            "45312" : 2,
            "46336" : 2,
            "46848" : 4,
            "47360" : 4,
            "47872" : 4,
            "48384" : 4,
            "48896" : 3,
            "49408" : 1,
            "49920" : 22,
            "50432" : 37,
            "50944" : 79,
            "51456" : 58,
            "51968" : 32,
            "52480" : 16,
            "52992" : 11,
            "53504" : 5,
            "54016" : 5,
            "54528" : 3,
            "55040" : 2,
            "55552" : 2,
            "56064" : 3,
            "56576" : 3,
            "57600" : 4,
            "58112" : 9,
            "58624" : 4,
            "59136" : 2,
            "59648" : 3,
            "60160" : 1,
            "60672" : 3,
            "61184" : 4,
            "61696" : 3,
            "62208" : 1,
            "62720" : 2,
            "63232" : 1,
            "63744" : 1,
            "64256" : 3,
            "64768" : 1,
            "65280" : 1,
            "66048" : 3,
            "67072" : 8,
            "68096" : 7,
            "69120" : 8,
            "70144" : 5,
            "71168" : 6,
            "72192" : 2,
            "73216" : 3,
            "74240" : 14,
            "75264" : 471,
            "76288" : 22178,
            "77312" : 57322,
            "78336" : 44627,
            "79360" : 98177,
            "80384" : 195038,
            "81408" : 141709,
            "82432" : 132251,
            "83456" : 86025,
            "84480" : 36310,
            "85504" : 17511,
            "86528" : 10134,
            "87552" : 7211,
            "88576" : 6040,
            "89600" : 4236,
            "90624" : 2610,
            "91648" : 1532,
            "92672" : 1139,
            "93696" : 836,
            "94720" : 739,
            "95744" : 643,
            "96768" : 642,
            "97792" : 649,
            "98816" : 686,
            "99840" : 1435,
            "100864" : 6677,
            "101888" : 22065,
            "102912" : 53321,
            "103936" : 80095,
            "104960" : 101277,
            "105984" : 161068,
            "107008" : 198352,
            "108032" : 138333,
            "109056" : 65369,
            "110080" : 30707,
            "111104" : 20305,
            "112128" : 16583,
            "113152" : 13386,
            "114176" : 8429,
            "115200" : 4803,
            "116224" : 2898,
            "117248" : 2216,
            "118272" : 1880,
            "119296" : 1585,
            "120320" : 1187,
            "121344" : 968,
            "122368" : 895,
            "123392" : 897,
            "124416" : 898,
            "125440" : 809,
            "126464" : 900,
            "127488" : 874,
            "128512" : 793,
            "129536" : 833,
            "130560" : 706,
            "132096" : 1410,
            "134144" : 1109,
            "136192" : 914,
            "138240" : 757,
            "140288" : 711,
            "142336" : 899,
            "144384" : 1086,
            "146432" : 877,
            "148480" : 427,
            "150528" : 217,
            "152576" : 128,
            "154624" : 71,
            "156672" : 39,
            "158720" : 54,
            "160768" : 31,
            "162816" : 27,
            "164864" : 26,
            "166912" : 33,
            "168960" : 50,
            "171008" : 32,
            "173056" : 25,
            "175104" : 30,
            "177152" : 17,
            "179200" : 9,
            "181248" : 17,
            "183296" : 17,
            "185344" : 13,
            "187392" : 15,
            "189440" : 17,
            "191488" : 29,
            "193536" : 13,
            "195584" : 10,
            "197632" : 10,
            "199680" : 9,
            "201728" : 11,
            "203776" : 15,
            "205824" : 25,
            "207872" : 15,
            "209920" : 19,
            "211968" : 21,
            "214016" : 41,
            "216064" : 31,
            "218112" : 56,
            "220160" : 38,
            "222208" : 76,
            "224256" : 176,
            "226304" : 266,
            "228352" : 371,
            "230400" : 362,
            "232448" : 322,
            "234496" : 263,
            "236544" : 221,
            "238592" : 244,
            "240640" : 210,
            "242688" : 249,
            "244736" : 223,
            "246784" : 259,
            "248832" : 281,
            "250880" : 336,
            "252928" : 362,
            "254976" : 372,
            "257024" : 351,
            "259072" : 297,
            "261120" : 250,
            "264192" : 245,
            "268288" : 143,
            "272384" : 110,
            "276480" : 91,
            "280576" : 195,
            "284672" : 328,
            "288768" : 364,
            "292864" : 342,
            "296960" : 262,