{
  "fio version" : "fio-3.36",
  "timestamp" : 1730907806,
  "timestamp_ms" : 1730907806948,
  "time" : "Wed Nov  6 16:43:26 2024",
  "global options" : {
    "ioengine" : "libaio",
    "direct" : "1",
    "buffered" : "0",
    "time_based" : "1",
    "runtime" : "60",
    "size" : "8G",
    "group_reporting" : "1",
    "iodepth" : "4",
    "bs" : "8k",
    "rw" : "write"
  },
  "jobs" : [
    {
      "jobname" : "Test_sda",
      "groupid" : 0,
      "job_start" : 1730907746914,
      "error" : 0,
      "eta" : 0,
      "elapsed" : 61,
      "job options" : {
        "filename" : "/dev/sdc"
      },
      "read" : {
        "io_bytes" : 0,
        "io_kbytes" : 0,
        "bw_bytes" : 0,
        "bw" : 0,
        "iops" : 0.000000,
        "runtime" : 0,
        "total_ios" : 0,
        "short_ios" : 0,
        "drop_ios" : 0,
        "slat_ns" : {
          "min" : 0,
          "max" : 0,
          "mean" : 0.000000,
          "stddev" : 0.000000,
          "N" : 0
        },
        "clat_ns" : {
          "min" : 0,
          "max" : 0,
          "mean" : 0.000000,
          "stddev" : 0.000000,
          "N" : 0
        },
        "lat_ns" : {
          "min" : 0,
          "max" : 0,
          "mean" : 0.000000,
          "stddev" : 0.000000,
          "N" : 0
        },
        "bw_min" : 0,
        "bw_max" : 0,
        "bw_agg" : 0.000000,
        "bw_mean" : 0.000000,
        "bw_dev" : 0.000000,
        "bw_samples" : 0,
        "iops_min" : 0,
        "iops_max" : 0,
        "iops_mean" : 0.000000,
        "iops_stddev" : 0.000000,
        "iops_samples" : 0
      },
      "write" : {
        "io_bytes" : 48245964800,
        "io_kbytes" : 47115200,
        "bw_bytes" : 804086011,
        "bw" : 785240,
        "iops" : 98155.030749,
        "runtime" : 60001,
        "total_ios" : 5889400,
        "short_ios" : 0,
        "drop_ios" : 0,
        "slat_ns" : {
          "min" : 884,
          "max" : 208481,
          "mean" : 3764.699650,
          "stddev" : 1351.973000,
          "N" : 5889400
        },
        "clat_ns" : {
          "min" : 19753,
          "max" : 40268638,
          "mean" : 117773.914668,
          "stddev" : 164356.757248,
          "N" : 5889400,
          "percentile" : {
            "1.000000" : 77312,
            "5.000000" : 78336,
            "10.000000" : 80384,
            "20.000000" : 81408,
            "30.000000" : 82432,
            "40.000000" : 84480,
            "50.000000" : 103936,
            "60.000000" : 105984,
            "70.000000" : 107008,
            "80.000000" : 108032,
            "90.000000" : 111104,
            "95.000000" : 317440,
            "99.000000" : 610304,
            "99.500000" : 684032,
            "99.900000" : 1011712,
            "99.950000" : 1122304,
            "99.990000" : 1892352
          },
          "bins" : {
            "19840" : 2,
            "24192" : 1,
            "24448" : 1,
            "24704" : 3,
            "25728" : 1,
            "26240" : 1,
            "26752" : 2,
            "27008" : 6,
            "27264" : 17,
            "27520" : 15,
            "27776" : 23,
            "28032" : 16,
            "28288" : 14,
            "28544" : 7,
            "28800" : 4,
            "29056" : 3,
            "29312" : 1,
            "29568" : 1,
            "30080" : 1,
            "30592" : 1,
            "30848" : 1,
            "31104" : 1,
            "31616" : 2,
            "32128" : 1,
            "35584" : 1,
            "36096" : 1,
            "36608" : 1,
            "37632" : 3,
            "38144" : 1,
            "38656" : 2,
            "39168" : 6,
            "39680" : 4,
            "40192" : 11,
            "40704" : 6,
            "41216" : 3,
            "41728" : 2,
            "42240" : 5,
            "42752" : 1,
            "43264" : 3,
            "43776" : 2,
            "44288" : 3,
            "44800" : 1,
            "45824" : 2,
            "46336" : 3,
            "46848" : 5,
            "47360" : 12,
            "47872" : 21,
            "48384" : 11,
            "48896" : 12,
            "49408" : 8,
            "49920" : 17,
            "50432" : 55,
            "50944" : 138,
            "51456" : 174,
            "51968" : 127,
            "52480" : 92,
            "52992" : 50,
            "53504" : 28,
            "54016" : 12,
            "54528" : 14,
            "55040" : 29,
            "55552" : 50,
            "56064" : 85,
            "56576" : 143,
            "57088" : 166,
            "57600" : 139,
            "58112" : 42,
            "58624" : 57,
            "59136" : 31,
            "59648" : 33,
            "60160" : 25,
            "60672" : 21,
            "61184" : 16,
            "61696" : 24,
            "62208" : 29,
            "62720" : 16,
            "63232" : 29,
            "63744" : 24,
            "64256" : 22,
            "64768" : 30,
            "65280" : 28,
            "66048" : 51,
            "67072" : 70,
            "68096" : 63,
            "69120" : 71,
            "70144" : 51,
            "71168" : 60,
            "72192" : 56,
            "73216" : 46,
            "74240" : 36,
            "75264" : 187,
            "76288" : 13307,
            "77312" : 121307,
            "78336" : 161509,
            "79360" : 158241,
            "80384" : 412466,
            "81408" : 551963,
            "82432" : 425561,
            "83456" : 431853,
            "84480" : 227032,
            "85504" : 88492,
            "86528" : 45497,
            "87552" : 28579,
            "88576" : 21727,
            "89600" : 16371,
            "90624" : 10366,
            "91648" : 5919,
            "92672" : 3625,
            "93696" : 2466,
            "94720" : 2061,
            "95744" : 1952,
            "96768" : 1909,
            "97792" : 1974,
            "98816" : 2026,
            "99840" : 2402,
            "100864" : 7943,
            "101888" : 35784,
            "102912" : 104416,
            "103936" : 189646,
            "104960" : 243398,
            "105984" : 347200,
            "107008" : 527948,
            "108032" : 541936,
            "109056" : 340588,
            "110080" : 156297,
            "111104" : 81139,
            "112128" : 58597,
            "113152" : 47713,
            "114176" : 34448,
            "115200" : 19951,
            "116224" : 10908,
            "117248" : 7311,
            "118272" : 5563,
            "119296" : 4780,
            "120320" : 3918,
            "121344" : 3222,
            "122368" : 2518,
            "123392" : 2408,
            "124416" : 2313,
            "125440" : 2182,
            "126464" : 2241,
            "127488" : 2275,
            "128512" : 2364,
            "129536" : 2281,
            "130560" : 2412,
            "132096" : 4295,
            "134144" : 3537,
            "136192" : 2683,
            "138240" : 2303,
            "140288" : 1918,
            "142336" : 2505,
            "144384" : 3198,
            "146432" : 3097,
            "148480" : 1778,
            "150528" : 884,
            "152576" : 489,
            "154624" : 292,
            "156672" : 199,
            "158720" : 124,
            "160768" : 88,
            "162816" : 73,
            "164864" : 95,
            "166912" : 68,
            "168960" : 111,
            "171008" : 76,
            "173056" : 63,
            "175104" : 59,
            "177152" : 46,
            "179200" : 27,
            "181248" : 68,
            "183296" : 45,
            "185344" : 41,
            "187392" : 34,
            "189440" : 53,
            "191488" : 43,
            "193536" : 41,
            "195584" : 38,
            "197632" : 21,
            "199680" : 32,
            "201728" : 50,
            "203776" : 71,
            "205824" : 122,
            "207872" : 147,
            "209920" : 155,
            "211968" : 183,
            "214016" : 225,
            "216064" : 232,
            "218112" : 227,
            "220160" : 260,